id,id_camin,nr_matricol,nume,prenume,an,grupa,data_nastere,email,medie,inregistrat
1,0,690NU8,Mihai,Petruta Paula,3,A5,10-OCT-74,mihai.petruta@info.ro,6.58,f
2,0,182NY0,Tuiu,Emma,2,A3,21-JAN-74,tuiu.emma@info.ro,7.31,f
3,0,561NW4,Mangalagiu,Sabina Raluca,3,B3,08-JAN-74,mangalagiu.sabina@gmail.com,7,f
4,0,966PC2,Dudau,Aurelian,1,B1,21-JAN-74,dudau.aurelian@gmail.com,8,f
5,0,139IL1,Ambroci,Damian Laurentiu,3,B4,24-JUN-74,ambroci.damian@info.ro,6.63,f
6,0,165AD5,Iacob,Valeriu,1,B4,11-JUL-74,iacob.valeriu@gmail.com,7.5,f
7,0,173NH4,Stavarache,Irinel Razvan,2,A3,26-JUN-74,stavarache.irinel@gmail.com,6.81,f
8,0,771CT1,Tudose,Stefania Claudia,1,A4,06-JUN-74,tudose.stefania@info.ro,6.38,f
9,0,179QC6,Edu,Xena,2,A2,05-JAN-74,edu.xena@gmail.com,8.13,f
10,0,565KY2,Cazamir,Cristian Iulian,2,B6,13-AUG-74,cazamir.cristian@info.ro,7.06,f
11,0,191OF5,Tanasa,Ioan Giulio,3,A2,23-JUL-74,tanasa.ioan@gmail.com,6.92,f
12,0,256GJ0,Craciunas,Eusebiu,3,A6,13-MAY-74,craciunas.eusebiu@info.ro,6.75,f
13,0,349YG0,Lates,Denise Tudor,1,A3,04-FEB-74,lates.denise@gmail.com,6.75,f
14,0,685JW2,Lungeanu,Teodora Simona,3,B4,30-APR-74,lungeanu.teodora@gmail.com,6.42,f
15,0,670JO7,Leonte,Laurentiu Claudiu,1,A1,17-MAR-74,leonte.laurentiu@info.ro,7.5,f
16,0,599MI2,Cobuz,Matei,1,B5,19-MAR-74,cobuz.matei@info.ro,8.13,f
17,0,680AZ5,Perciun,Adina Iuliana,3,B4,14-AUG-74,perciun.adina@info.ro,6.13,f
18,0,558DU5,Leustean,Nicu Tudor,3,B2,01-JAN-74,leustean.nicu@info.ro,6.71,f
19,0,604RT1,Goldan,Anca,2,A4,03-JAN-74,goldan.anca@gmail.com,6.81,f
20,0,574GA0,Chistol,Theodora Stefana,2,A2,26-NOV-74,chistol.theodora@gmail.com,7.5,f
21,0,514ER3,Butacu,Anda,3,A5,17-FEB-74,butacu.anda@gmail.com,6.54,f
22,0,107UP0,Stefan,Sabina Loredana,2,B4,28-JAN-74,stefan.sabina@info.ro,7.44,f
23,0,815ZJ6,Popovici,Corneliu Dorian,3,A1,29-JAN-74,popovici.corneliu@gmail.com,6.42,f
24,0,107IB4,Leustean,Elisa Sabina,1,B2,11-FEB-74,leustean.elisa@info.ro,5.5,f
25,0,452OE4,Bejan,Ion Iosif,3,B3,06-MAY-74,bejan.ion@info.ro,6.25,f
26,0,978NS1,Dima,Mirela Ema,1,B4,24-NOV-74,dima.mirela@gmail.com,7.38,f
27,0,300NG2,Leustean,Denisa Bianca,3,A5,17-OCT-74,leustean.denisa@gmail.com,7.04,f
28,0,106HD7,Motrescu,Gabriel,3,A6,15-JAN-74,motrescu.gabriel@info.ro,6.54,f
29,0,706MP8,Balica,Raluca,1,B3,17-FEB-74,balica.raluca@gmail.com,6.5,f
30,0,561UB2,Chelaru,Iuliana,2,A2,13-APR-74,chelaru.iuliana@gmail.com,7.06,f
31,0,630NH0,Dascalu,Ioana Loredana,2,B1,13-NOV-74,dascalu.ioana@gmail.com,7.31,f
32,0,598NV0,Olariu,Camelia,1,B4,19-FEB-74,olariu.camelia@info.ro,8.13,f
33,0,155TK4,Sandu,Gabriel,3,A4,27-AUG-74,sandu.gabriel@gmail.com,6.46,f
34,0,728CJ3,Frunza,Tamara,3,A5,22-SEP-74,frunza.tamara@gmail.com,6.29,f
35,0,789QO1,Belciuganu,Vladut,1,A1,19-JAN-74,belciuganu.vladut@gmail.com,5.5,f
36,0,762FH1,Curca,Gabriela,3,B3,15-OCT-74,curca.gabriela@gmail.com,6.25,f
37,0,863DF5,Lates,Oana Paula,2,B6,01-NOV-74,lates.oana@info.ro,7.19,f
38,0,545WY6,Frunza,Roland,1,B4,22-JUL-74,frunza.roland@info.ro,6.75,f
39,0,595EJ8,Baetu,Stefan Constantin,3,A3,28-AUG-74,baetu.stefan@info.ro,6.42,f
40,0,962RT8,Mihaila,Theodora Camelia,3,A2,10-OCT-74,mihaila.theodora@gmail.com,6.29,f
41,0,387FA2,Tudose,Cristina,2,B1,24-NOV-74,tudose.cristina@gmail.com,7.19,f
42,0,800AE2,Iancu,Silviu Daniel,3,B6,03-JAN-74,iancu.silviu@gmail.com,6.5,f
43,0,281TL5,Ungureanu,Manuela Camelia,3,B6,23-DEC-74,ungureanu.manuela@gmail.com,6.33,f
44,0,375CW8,Benchea,Diana Raluca,3,B2,28-JUL-74,benchea.diana@info.ro,6.5,f
45,0,287GO2,Gorgan,Andra Teodora,3,A4,23-MAR-74,gorgan.andra@gmail.com,6.21,f
46,0,938EH7,Teclici,Elena Larisa,1,B5,24-APR-74,teclici.elena@info.ro,7.88,f
47,0,555EF4,Capusneanu,Larisa,2,B4,15-AUG-74,capusneanu.larisa@gmail.com,7.56,f
48,0,342DH7,Damoc,Alex Dumitru,3,A5,22-OCT-74,damoc.alex@info.ro,6.96,f
49,0,231BZ4,Bute,Monica Stefania,2,A1,19-JUN-74,bute.monica@gmail.com,7.19,f
50,0,955CZ5,Cernescu,Daria Stefana,3,A5,04-SEP-74,cernescu.daria@info.ro,6.33,f
51,0,540RX5,Dragoman,Loredana Daria,3,B3,07-OCT-74,dragoman.loredana@gmail.com,6.79,f
52,0,786ZU4,Danila,Cezar,3,A3,01-APR-74,danila.cezar@info.ro,6.21,f
53,0,591NJ7,Gherase,Anca,3,A4,17-JUL-74,gherase.anca@info.ro,6.58,f
54,0,607ER3,Leleu,Ema,3,A1,08-SEP-74,leleu.ema@info.ro,6.29,f
55,0,184PR1,Gherase,Stefana,1,A1,14-SEP-74,gherase.stefana@gmail.com,6.75,f
56,0,258ZM8,Ichim,Catalin,1,A4,03-JUL-74,ichim.catalin@gmail.com,7.13,f
57,0,979SO1,Cozmiuc,Octavian,3,B4,29-AUG-74,cozmiuc.octavian@gmail.com,5.96,f
58,0,225FS1,Ventaniuc,Cristian,2,B4,27-NOV-74,ventaniuc.cristian@gmail.com,6.75,f
59,0,917CM2,Ivascu,Lucian,2,A2,23-MAY-74,ivascu.lucian@info.ro,6.75,f
60,0,905SI1,Milut,Claudiu,2,B3,24-FEB-74,milut.claudiu@info.ro,6.13,f
61,0,736LQ1,Bodnar,Georgiana,3,B6,23-FEB-74,bodnar.georgiana@gmail.com,6.25,f
62,0,308LE2,Motroi,Nicusor,2,A6,29-JAN-74,motroi.nicusor@info.ro,7.31,f
63,0,115BA5,Ciobotaru,Rares Gheorghe,2,B1,25-OCT-74,ciobotaru.rares@info.ro,7.56,f
64,0,744RI7,Eusebiu,Simona,2,A2,01-OCT-74,eusebiu.simona@info.ro,7.63,f
65,0,119NF0,Tuduri,Sebastian Ilie,1,A2,20-MAY-74,tuduri.sebastian@gmail.com,7,f
66,0,581US3,Frunza,Gheorghe Daniel,2,B1,13-OCT-74,frunza.gheorghe@info.ro,6.56,f
67,0,229DA0,Alexandru,Ioan,3,A1,31-JAN-74,alexandru.ioan@info.ro,6.5,f
68,0,855SM1,Antonie,Dorin Paul,1,B6,25-MAY-74,antonie.dorin@info.ro,7.25,f
69,0,910ON0,Dascalu,Vasilica Raluca,2,A6,02-MAY-74,dascalu.vasilica@info.ro,6.56,f
70,0,463XB2,Lupu,Dorin Matei,3,A3,20-MAY-74,lupu.dorin@gmail.com,6.21,f
71,0,560BX5,Turcu,Delia Alina,3,B1,28-JAN-74,turcu.delia@info.ro,6.67,f
72,0,983HK3,Herscovici,Cristina,1,A4,14-MAR-74,herscovici.cristina@gmail.com,5.75,f
73,0,769KK2,Tudose,Vladimir Eugen,1,A2,19-OCT-74,tudose.vladimir@gmail.com,5.63,f
74,0,300LR7,Baciu,Denisa Ilona,2,A5,25-JUN-74,baciu.denisa@info.ro,7.56,f
75,0,988WO4,Ventaniuc,Gabriel Liviu,3,B5,28-NOV-74,ventaniuc.gabriel@info.ro,6.92,f
76,0,819UX7,Hutanu,Paula Mirela,1,A4,12-MAR-74,hutanu.paula@info.ro,7.25,f
77,0,663GH3,Gurau,Elisa,3,B1,05-JAN-74,gurau.elisa@gmail.com,6.58,f
78,0,597PP3,Tudose,Beniamin Laurentiu,2,A3,08-MAY-74,tudose.beniamin@gmail.com,6.5,f
79,0,538HU1,Ungureanu,Tamara Simona,1,A3,16-SEP-74,ungureanu.tamara@info.ro,6.5,f
80,0,659CI7,Cazamir,Rolland,2,A4,08-AUG-74,cazamir.rolland@gmail.com,7,f
81,0,609NH7,Andrei,Laura,2,A3,20-MAY-74,andrei.laura@info.ro,7,f
82,0,181AA6,Birsanu,Dumitru Corneliu,1,A3,30-AUG-74,birsanu.dumitru@gmail.com,7.38,f
83,0,361YI8,Minuti,Adina Raluca,2,B5,02-JUN-74,minuti.adina@gmail.com,6.94,f
84,0,732UQ7,Leon,Andra Ilona,1,B6,06-JUL-74,leon.andra@info.ro,5.13,f
85,0,681KS8,Buza,Rolland Florin,2,B1,20-DEC-74,buza.rolland@gmail.com,7.56,f
86,0,942GM7,Luncasu,Raluca,2,B4,09-MAR-74,luncasu.raluca@info.ro,7.13,f
87,0,192UV8,Negrutu,Iuliana Antonia,2,B4,02-NOV-74,negrutu.iuliana@info.ro,7.88,f
88,0,375XB8,Alexe,Sanziana Malina,2,B2,13-MAR-74,alexe.sanziana@info.ro,7.19,f
89,0,762DD7,Harabula,Camelia,1,B6,08-JUN-74,harabula.camelia@info.ro,6.5,f
90,0,188VS2,Insuratelu,Sabina Madalina,3,A1,18-JUN-74,insuratelu.sabina@gmail.com,6.46,f
91,0,373KH8,Motroi,Tamara,2,A3,17-FEB-74,motroi.tamara@info.ro,7.25,f
92,0,825HD8,Tudose,Ecaterina Petruta,3,A2,29-MAR-74,tudose.ecaterina@gmail.com,6.5,f
93,0,910FW6,Bizu,Fabian Paul,2,B4,24-MAY-74,bizu.fabian@gmail.com,7,f
94,0,472YA5,Arteni,Bogdan Liviu,1,A3,15-JUN-74,arteni.bogdan@gmail.com,6.5,f
95,0,680GY0,Galatanu,Beniamin Ervin,3,B2,19-DEC-74,galatanu.beniamin@info.ro,5.71,f
96,0,823TH2,Balica,Simona Vasilica,3,A2,13-DEC-74,balica.simona@info.ro,6.42,f
97,0,898EK2,Antonie,Filip,1,B2,17-JUN-74,antonie.filip@info.ro,7.13,f
98,0,888HZ6,Zamosteanu,Eleonora Georgiana,2,A6,23-MAR-74,zamosteanu.eleonora@gmail.com,6.19,f
99,0,556DB3,Hutanu,Iolanda Ema,3,A1,16-APR-74,hutanu.iolanda@info.ro,5.67,f
100,0,683ED8,Domnaru,Dumitru Matei,2,A5,19-FEB-74,domnaru.dumitru@gmail.com,7.13,f
101,0,277VL4,Stolnicu,Paul,3,B3,22-AUG-74,stolnicu.paul@info.ro,6.75,f
102,0,294ON3,Patachi,Ovidiu Alin,3,A5,17-SEP-74,patachi.ovidiu@info.ro,6.71,f
103,0,154HZ6,Nica,Mihaela,2,A4,26-JAN-74,nica.mihaela@info.ro,7,f
104,0,573XW5,Cebere,Robert Matei,2,B5,27-JAN-74,cebere.robert@gmail.com,7.38,f
105,0,720MS5,Purice,Gheorghe Dan,1,A6,07-OCT-74,purice.gheorghe@gmail.com,7,f
106,0,654HC5,Vulpescu,Filip Constantin,1,A5,31-JUL-74,vulpescu.filip@info.ro,6.75,f
107,0,354IF6,Herdes,Ileana Antonia,2,A6,19-DEC-74,herdes.ileana@gmail.com,7.19,f
108,0,434HU1,Mitan,Mihail,3,A5,13-AUG-74,mitan.mihail@info.ro,6.17,f
109,0,730ER8,Leuciuc,Richard Cezar,3,A2,06-NOV-74,leuciuc.richard@info.ro,6.5,f
110,0,977FR3,Vasiliu,Vlad Danut,1,A1,05-JUN-74,vasiliu.vlad@gmail.com,6.88,f
111,0,881SW5,Stefan,Ciprian Irinel,1,B2,08-JUN-74,stefan.ciprian@info.ro,7.88,f
112,0,382TM2,Stolniceanu,Mirela Andreia,3,B3,14-MAY-74,stolniceanu.mirela@info.ro,7,f
113,0,932CC6,Teodorescu,Irina Anda,1,A3,03-FEB-74,teodorescu.irina@info.ro,6.88,f
114,0,713KZ8,Leuciuc,Theodora Andra,2,B3,31-MAY-74,leuciuc.theodora@info.ro,5.75,f
115,0,991FY4,Opariuc,Valentin Cosmin,1,A4,28-MAY-74,opariuc.valentin@gmail.com,7.25,f
116,0,755BH3,Ambroci,Iulia Daniela,3,A6,07-AUG-74,ambroci.iulia@info.ro,6.33,f
117,0,732MM0,Rosca,Ovidiu Nicolae,1,B1,02-MAY-74,rosca.ovidiu@info.ro,6.88,f
118,0,905EO6,Adascalitei,Daniela,1,A1,01-MAR-74,adascalitei.daniela@gmail.com,7.5,f
119,0,444GS7,Simionesei,Mirela,2,A1,10-OCT-74,simionesei.mirela@gmail.com,6.63,f
120,0,265UD1,Crucerescu,Mihaela Larisa,2,A2,25-JUN-74,crucerescu.mihaela@gmail.com,8,f
121,0,799NU0,Onu,Ilona Monica,2,A5,26-FEB-74,onu.ilona@info.ro,6.38,f
122,0,686FQ2,Creanga,Loredana,1,A1,10-DEC-74,creanga.loredana@gmail.com,7.75,f
123,0,752XF5,Stoian,Andreas Eusebiu,2,B3,23-DEC-74,stoian.andreas@gmail.com,6.94,f
124,0,904XY0,Palihovici,Laura,3,B5,23-SEP-74,palihovici.laura@gmail.com,7.25,f
125,0,513LG3,Chelmus,Oana,1,B2,26-OCT-74,chelmus.oana@gmail.com,7.13,f
126,0,974WW4,Toncu,Vadim Vladimir,3,B5,30-OCT-74,toncu.vadim@gmail.com,6.33,f
127,0,897WG6,Banu,Elvis Iosif,3,B5,09-OCT-74,banu.elvis@info.ro,6.33,f
128,0,169OP2,Talif,Roland,3,A4,01-OCT-74,talif.roland@gmail.com,6.75,f
129,0,771YR0,Lungeanu,Xena Emma,3,B4,10-NOV-74,lungeanu.xena@gmail.com,6.29,f
130,0,764WM3,Negruser,Radu Dumitru,2,B5,31-MAY-74,negruser.radu@gmail.com,6.81,f
131,0,172OV4,Carp,Iuliana Mihaela,3,B4,24-JUN-74,carp.iuliana@info.ro,6.71,f
132,0,573JT2,Cehan,Elisa Adina,3,B2,24-MAY-74,cehan.elisa@info.ro,7,f
133,0,113PH6,Andrici,Anda Madalina,2,A3,14-AUG-74,andrici.anda@info.ro,6.44,f
134,0,868GI1,Hutanu,Mihaela Raluca,2,B3,05-JUN-74,hutanu.mihaela@info.ro,6.69,f
135,0,166QX7,Podaru,Vasile Irinel,2,B5,19-MAY-74,podaru.vasile@info.ro,7.75,f
136,0,425AY6,Grigore,Robert Vasile,3,B1,27-MAY-74,grigore.robert@info.ro,6.42,f
137,0,872MA4,Motroi,Stefania Madalina,3,B5,10-AUG-74,motroi.stefania@info.ro,6.58,f
138,0,483SU3,Ivascu,Cosmin Vadim,2,B2,02-JAN-74,ivascu.cosmin@info.ro,6.63,f
139,0,878OH3,Tuduri,Cristina Maria,1,A5,08-MAY-74,tuduri.cristina@gmail.com,7.25,f
140,0,143LE1,Burlacu,Mihai,1,A6,11-FEB-74,burlacu.mihai@info.ro,7,f
141,0,705YW1,Goldan,Monica,3,B6,30-OCT-74,goldan.monica@info.ro,6.71,f
142,0,296LF8,Stingaciu,Adina Delia,1,A2,07-SEP-74,stingaciu.adina@info.ro,7.5,f
143,0,706GH0,Chilaboc,Ovidiu Vadim,1,A3,09-APR-74,chilaboc.ovidiu@info.ro,5.25,f
144,0,345HB2,Aioanei,Ilona Daria,2,B4,23-FEB-74,aioanei.ilona@info.ro,7.06,f
145,0,382PU1,Morarescu,Larisa,2,A4,05-FEB-74,morarescu.larisa@info.ro,7.13,f
146,0,705LB6,Barbieru,Daria Ilona,1,B2,08-NOV-74,barbieru.daria@info.ro,6.38,f
147,0,841TK0,Curca,George Marius,3,B2,04-JUN-74,curca.george@info.ro,6.29,f
148,0,401JF3,Frumosu,Laurentiu Codrin,3,A6,17-JUN-74,frumosu.laurentiu@info.ro,6.75,f
149,0,426FM5,Stoica,Iulian Cristian,1,A4,04-MAR-74,stoica.iulian@gmail.com,5.75,f
150,0,452SG7,Dimache,Daniela Simona,3,B3,08-JUN-74,dimache.daniela@gmail.com,6.46,f
151,0,705KY8,Palihovici,Monica,2,A4,07-SEP-74,palihovici.monica@gmail.com,6.75,f
152,0,136HY6,Gorgan,Nicolae,3,B4,02-NOV-74,gorgan.nicolae@info.ro,6.42,f
153,0,292YC0,Trifan,Florin,3,B5,16-SEP-74,trifan.florin@info.ro,7.13,f
154,0,542VJ8,Boistean,Ionut,2,B2,11-JUL-74,boistean.ionut@info.ro,7.06,f
155,0,467IQ3,Antochi,Nicusor Vasile,2,B4,20-OCT-74,antochi.nicusor@info.ro,7,f
156,0,312MO1,Tudose,Loredana,2,A4,10-MAR-74,tudose.loredana@gmail.com,6.13,f
157,0,151FI2,Palihovici,Vlad,3,B4,20-SEP-74,palihovici.vlad@gmail.com,6.38,f
158,0,721OB0,Citea,Gabriel,3,B3,07-SEP-74,citea.gabriel@gmail.com,5.96,f
159,0,474RQ1,Prisecaru,Larisa Diana,1,B4,21-JUN-74,prisecaru.larisa@info.ro,7.63,f
160,0,445HH2,Opariuc,Eduard Matei,2,A4,23-DEC-74,opariuc.eduard@info.ro,7.44,f
161,0,728YU3,Durnea,Eusebiu Valentin,2,A5,16-MAY-74,durnea.eusebiu@gmail.com,6.75,f
162,0,760PY4,Corduneanu,Florian,1,A2,09-FEB-74,corduneanu.florian@info.ro,7.38,f
163,0,394DG8,Alexe,Ioan Adrian,1,A1,11-JAN-74,alexe.ioan@info.ro,7,f
164,0,617BO4,Lupu,Alex,3,A6,07-DEC-74,lupu.alex@info.ro,6.63,f
165,0,910JX5,Stingaciu,Vladut Bogdan,1,B5,09-JAN-74,stingaciu.vladut@info.ro,6.38,f
166,0,342VS6,Insuratelu,Ilona Iulia,2,B6,12-MAR-74,insuratelu.ilona@gmail.com,6.56,f
167,0,426XB8,Botezatu,Andreas Valentin,2,B1,09-APR-74,botezatu.andreas@info.ro,7.5,f
168,0,390DA5,Jitca,Paul Vlad,2,A5,15-JUN-74,jitca.paul@info.ro,7.44,f
169,0,971FI0,Anita,Theodor Nicolae,3,B6,29-MAY-74,anita.theodor@gmail.com,6.63,f
170,0,462FN2,Asaftei,Cristina Elisa,3,B2,21-OCT-74,asaftei.cristina@info.ro,6.88,f
171,0,906CB5,Stavarache,Laurentiu Sebastian,3,A3,30-JUL-74,stavarache.laurentiu@info.ro,5.75,f
172,0,687DB8,Negrus,Elisa,3,B1,08-JUN-74,negrus.elisa@info.ro,6.42,f
173,0,898VR4,Sandulache,Delia,3,B5,05-JAN-74,sandulache.delia@info.ro,6.5,f
174,0,529YX7,Cozma,Paul,3,B5,11-JAN-74,cozma.paul@gmail.com,6.75,f
175,0,209HL2,Scurtu,Catalin Teofil,1,B1,02-JUL-74,scurtu.catalin@info.ro,7.5,f
176,0,502PD3,Maxim,Teodora Malina,3,B5,02-OCT-74,maxim.teodora@gmail.com,6.92,f
177,0,889YL1,Mitan,Irinel Sergiu,2,B6,17-FEB-74,mitan.irinel@gmail.com,6.81,f
178,0,303ID7,Leleu,Raluca,2,B5,07-DEC-74,leleu.raluca@info.ro,6.56,f
179,0,711AL2,Miron,Sanziana Simona,3,A3,03-FEB-74,miron.sanziana@info.ro,6,f
180,0,648HS8,Urse,Nicu Matei,1,A1,24-OCT-74,urse.nicu@gmail.com,6.25,f
181,0,115OU5,Pintilie,Iosif Aurelian,3,A3,04-JAN-74,pintilie.iosif@gmail.com,6.58,f
182,0,675JG5,Riza,Raluca Ileana,3,B3,13-MAR-74,riza.raluca@gmail.com,6.33,f
183,0,554MC7,Boistean,Adrian,1,B1,11-FEB-74,boistean.adrian@info.ro,7.13,f
184,0,786SB0,Bazgan,Ovidiu Mihai,2,A6,29-APR-74,bazgan.ovidiu@info.ro,7.38,f
185,0,794CX8,Leonte,Iosif,3,B3,03-OCT-74,leonte.iosif@gmail.com,6.54,f
186,0,764XJ1,Dragomir,Iaroslav,1,A5,08-MAR-74,dragomir.iaroslav@info.ro,7.63,f
187,0,881RF4,Postolache,Maria Bianca,1,B4,05-OCT-74,postolache.maria@info.ro,6.13,f
188,0,871UO6,Pantiru,Manuela,3,B6,01-MAR-74,pantiru.manuela@gmail.com,6.13,f
189,0,160JW8,Marcu,Dragos Matei,2,A3,30-JUL-74,marcu.dragos@info.ro,6.38,f
190,0,287QS6,Condurache,Romanescu Teodor,2,B2,26-JUN-74,condurache.romanescu@gmail.com,7.06,f
191,0,992PM5,Talif,Anda,2,A5,30-DEC-74,talif.anda@gmail.com,7.06,f
192,0,219DY7,Lupu,Camelia,3,A4,08-APR-74,lupu.camelia@info.ro,6.71,f
193,0,158MP0,Ichim,Antonia Anca,2,B6,24-JAN-74,ichim.antonia@gmail.com,7.31,f
194,0,499JU3,Mazur,Monica Teodora,1,B3,19-MAY-74,mazur.monica@info.ro,5.75,f
195,0,729XR5,Maganu,Oana Petruta,2,B5,21-FEB-74,maganu.oana@info.ro,6.88,f
196,0,211ZX0,Glodeanu,Ciprian,3,B6,15-SEP-74,glodeanu.ciprian@info.ro,6.79,f
197,0,377PN6,Ababei,Madalina Sabina,3,A1,20-JAN-74,ababei.madalina@gmail.com,6.42,f
198,0,491MQ2,Craciunas,Irinel,3,B5,24-APR-74,craciunas.irinel@gmail.com,6.75,f
199,0,145CS5,Ilie,Petrut Daniel,2,A6,19-FEB-74,ilie.petrut@info.ro,6.31,f
200,0,687KA3,Creanga,Mihaela Larisa,1,B4,20-JUL-74,creanga.mihaela@gmail.com,7.25,f
201,0,443EQ6,Maganu,Emanuela Georgiana,3,B1,09-OCT-74,maganu.emanuela@gmail.com,6.42,f
202,0,197MD2,Ciobanu,Theodor Adrian,2,B6,19-SEP-74,ciobanu.theodor@info.ro,7.19,f
203,0,462FK6,Ionita,Sabin Beniamin,2,A1,28-DEC-74,ionita.sabin@gmail.com,6.56,f
204,0,615TZ6,Neghina,Rolland Danut,3,A4,01-NOV-74,neghina.rolland@info.ro,7.17,f
205,0,915NQ1,Ciocoiu,Dorin,3,B6,30-JUL-74,ciocoiu.dorin@gmail.com,6.25,f
206,0,505CR4,Calinescu,Ciprian,1,B3,17-NOV-74,calinescu.ciprian@gmail.com,8,f
207,0,143IP4,Herscovici,Alina Antonia,2,A5,20-NOV-74,herscovici.alina@gmail.com,7.31,f
208,0,377TY4,Buza,Emanuela Stefana,3,B1,14-OCT-74,buza.emanuela@info.ro,5.88,f
209,0,184DE7,Avadanei,Sabina,2,A5,13-JUL-74,avadanei.sabina@info.ro,6.5,f
210,0,813CV6,Cosnita,Valeriu,1,B2,19-APR-74,cosnita.valeriu@info.ro,5.75,f
211,0,678JA3,Andrei,Nicu Dorin,1,B4,20-FEB-74,andrei.nicu@info.ro,7.13,f
212,0,985WJ5,Dodan,Ecaterina Maria,2,A1,27-MAR-74,dodan.ecaterina@info.ro,6.81,f
213,0,526NN8,Burlacu,Irinel Vadim,1,B4,28-DEC-74,burlacu.irinel@info.ro,7.13,f
214,0,247CR4,Harabula,Ana Stefania,2,B5,31-JUL-74,harabula.ana@info.ro,6.5,f
215,0,229FQ3,Damian,Claudia,1,B6,21-DEC-74,damian.claudia@info.ro,7.38,f
216,0,283EI8,Iosub,Nicolae Ionel,2,B6,25-MAR-74,iosub.nicolae@gmail.com,7,f
217,0,346RC5,Dorneanu,Octavian,1,B4,15-FEB-74,dorneanu.octavian@gmail.com,7.38,f
218,0,247AM8,Bradea,Ioan Camil,3,B5,30-NOV-74,bradea.ioan@gmail.com,6.67,f
219,0,271XB5,Lucaci,Anca Emma,2,B2,26-APR-74,lucaci.anca@gmail.com,7.06,f
220,0,109KS0,Daniel,Florian,1,A3,19-NOV-74,daniel.florian@gmail.com,7.13,f
221,0,140EA0,Unghianu,Bogdan Beniamin,3,A1,01-JUL-74,unghianu.bogdan@gmail.com,6.21,f
222,0,497BJ5,Clim,Sabin Costel,1,B6,21-AUG-74,clim.sabin@gmail.com,6.25,f
223,0,360RI2,Filibiu,Octavian,1,A3,22-FEB-74,filibiu.octavian@gmail.com,6.63,f
224,0,934HG7,Moisa,Sebastian,1,A1,20-OCT-74,moisa.sebastian@gmail.com,7,f
225,0,794QE7,Luca,Razvan,2,B6,23-DEC-74,luca.razvan@info.ro,6.44,f
226,0,636MX5,Lungeanu,Andreea Antonia,1,A1,21-MAR-74,lungeanu.andreea@info.ro,5.88,f
227,0,803GL2,Mutescu,Claudia Ana,1,A3,23-DEC-74,mutescu.claudia@info.ro,6.38,f
228,0,403QC6,Ivascu,Dorian Valentin,3,B6,02-MAR-74,ivascu.dorian@info.ro,6.21,f
229,0,419RW3,Cretu,Eleonora Alexandra,3,B2,16-NOV-74,cretu.eleonora@info.ro,6.54,f
230,0,555JJ2,Chmilevski,Radu Stefan,1,B6,01-NOV-74,chmilevski.radu@info.ro,6.63,f
231,0,795SK7,Palihovici,Richard Nicu,1,A5,02-JUN-74,palihovici.richard@gmail.com,6.75,f
232,0,879MD4,Diaconu,Catalin,1,B6,14-MAR-74,diaconu.catalin@gmail.com,6.88,f
233,0,274ZF2,Alexe,Ema Claudia,3,A3,09-MAY-74,alexe.ema@info.ro,6.83,f
234,0,548VR8,Procop,Damian,1,B1,23-DEC-74,procop.damian@info.ro,6.13,f
235,0,956XM5,Chelaru,Richard Denise,2,A1,22-NOV-74,chelaru.richard@gmail.com,6.81,f
236,0,297MD7,Gherman,Sabina,2,A3,11-DEC-74,gherman.sabina@info.ro,7.5,f
237,0,602JI7,Otrocol,Tamara Alina,1,A6,06-DEC-74,otrocol.tamara@info.ro,7.75,f
238,0,723HF0,Oana,Tamara,2,B6,21-SEP-74,oana.tamara@gmail.com,6.63,f
239,0,348SW1,Ichim,Mihai Irinel,1,B4,04-FEB-74,ichim.mihai@info.ro,7.25,f
240,0,232BT1,Riscanu,Elena Paula,2,A5,12-MAR-74,riscanu.elena@info.ro,7,f
241,0,911DB7,Poputoaia,Valentin,3,B5,20-JUN-74,poputoaia.valentin@gmail.com,5.96,f
242,0,802CF4,Diaconu,Elena Gabriela,2,A5,04-JUN-74,diaconu.elena@info.ro,7.25,f
243,0,350MU1,Bejan,Manuela Antonia,2,B6,13-APR-74,bejan.manuela@info.ro,6.69,f
244,0,331OZ3,Carbune,Raluca Ilona,1,A6,12-NOV-74,carbune.raluca@gmail.com,7.25,f
245,0,260CZ2,Mutescu,Iolanda,1,B5,10-AUG-74,mutescu.iolanda@gmail.com,7,f
246,0,274ZY3,Grigoriu,Loredana,1,A4,23-OCT-74,grigoriu.loredana@gmail.com,6.63,f
247,0,601BG2,Gavrilovici,Alina,3,A1,26-SEP-74,gavrilovici.alina@info.ro,6.54,f
248,0,990DQ7,Netedu,Danut Andreas,2,B4,27-JAN-74,netedu.danut@info.ro,6.56,f
249,0,642GH7,Iovu,Antonia,3,A4,02-OCT-74,iovu.antonia@info.ro,6.75,f
250,0,942PT3,Stoian,Valeriu Mihai,1,B1,22-OCT-74,stoian.valeriu@info.ro,7.38,f
251,0,274TS0,Dascalu,Petru Gheorghe,2,A3,24-OCT-74,dascalu.petru@gmail.com,7.31,f
252,0,194OS7,Marinov,Delia Paula,1,B3,21-DEC-74,marinov.delia@info.ro,7.25,f
253,0,644VN4,Leon,Sebastian Iulian,2,A1,02-JUL-74,leon.sebastian@gmail.com,7,f
254,0,184DF4,Citea,Paula,3,B2,19-AUG-74,citea.paula@gmail.com,6.92,f
255,0,601YR2,Simionesei,Daria Simina,3,A3,27-JAN-74,simionesei.daria@info.ro,7.25,f
256,0,631NI1,Butacu,Tudor,1,A1,14-OCT-74,butacu.tudor@info.ro,7,f
257,0,663GE3,Moscu,Rares Iaroslav,1,A2,04-OCT-74,moscu.rares@gmail.com,7.13,f
258,0,674YK0,Aioanei,Elena,2,A6,05-MAY-74,aioanei.elena@info.ro,7.06,f
259,0,983IV4,Diaconu,Ioana,3,A5,05-AUG-74,diaconu.ioana@gmail.com,6.29,f
260,0,898IT1,Micu,Loredana Malina,3,A1,12-APR-74,micu.loredana@info.ro,6.17,f
261,0,225BI5,Andrian,Georgiana Iolanda,3,B5,10-JUN-74,andrian.georgiana@gmail.com,6.29,f
262,0,887VC0,Talif,Marian Nicusor,3,A3,03-FEB-74,talif.marian@gmail.com,6.04,f
263,0,410YB8,Unghianu,Diana Xena,3,A1,24-OCT-74,unghianu.diana@info.ro,5.63,f
264,0,640ZG3,Crucerescu,Diana Sabina,1,A4,26-FEB-74,crucerescu.diana@gmail.com,8,f
265,0,257CC4,Dragan,Maria,2,B1,21-JAN-74,dragan.maria@gmail.com,6.31,f
266,0,467BP2,Sfarghiu,Ecaterina,2,A3,09-DEC-74,sfarghiu.ecaterina@info.ro,7.69,f
267,0,328FL8,Ionesei,Anca,2,B6,18-JUN-74,ionesei.anca@gmail.com,6.56,f
268,0,863YA6,Moisa,Eugen Petru,2,B1,04-OCT-74,moisa.eugen@info.ro,6.5,f
269,0,574GW4,Nastaca,Fabian,3,A5,21-SEP-74,nastaca.fabian@gmail.com,6.88,f
270,0,503GU8,Simionescu,Florin Ovidiu,1,B2,12-JUL-74,simionescu.florin@gmail.com,6.5,f
271,0,566PI8,Stoica,Delia,2,A1,17-FEB-74,stoica.delia@info.ro,6.88,f
272,0,414NS8,Pantiruc,Bianca Daniela,2,B4,20-JAN-74,pantiruc.bianca@gmail.com,7.56,f
273,0,861IP7,Pascaru,Darius Dumitru,1,B5,14-AUG-74,pascaru.darius@gmail.com,7,f
274,0,584CB6,Leustean,Florin Codrin,3,B6,21-APR-74,leustean.florin@info.ro,6.33,f
275,0,529XM6,Sparhat,Ilona Sanziana,2,A5,14-AUG-74,sparhat.ilona@gmail.com,6.94,f
276,0,205EU0,Pantiruc,Elisa,3,B1,21-DEC-74,pantiruc.elisa@info.ro,6.08,f
277,0,941HG0,Gitlan,Loredana Denisa,1,A5,10-FEB-74,gitlan.loredana@info.ro,7.5,f
278,0,129VC6,Romaniuc,Andra Antonia,3,B4,20-FEB-74,romaniuc.andra@gmail.com,6.08,f
279,0,354WE7,Moisa,Simona,1,A3,25-MAR-74,moisa.simona@info.ro,6.75,f
280,0,274UT0,Matcovici,Anda Maria,1,A6,30-APR-74,matcovici.anda@gmail.com,6.13,f
281,0,724KZ7,Lupu,Giani,2,A2,05-FEB-74,lupu.giani@gmail.com,7.38,f
282,0,119FF7,Mihalcea,Vadim Vasile,2,B4,30-MAY-74,mihalcea.vadim@info.ro,7.44,f
283,0,154CG1,Oprea,Tamara Delia,2,A4,06-APR-74,oprea.tamara@gmail.com,7.13,f
284,0,543YK4,Harpa,Emma,1,B3,11-MAY-74,harpa.emma@info.ro,6.63,f
285,0,344RI4,Bordeianu,Mihaela Tamara,1,B3,16-JUL-74,bordeianu.mihaela@info.ro,7.25,f
286,0,155TU4,Motrescu,Dumitru,1,A3,27-DEC-74,motrescu.dumitru@gmail.com,8.13,f
287,0,178PY7,Petcu,Laura Denisa,3,B3,31-MAR-74,petcu.laura@gmail.com,6.38,f
288,0,180CO1,Hodoreanu,Antonia Loredana,1,A5,04-JUL-74,hodoreanu.antonia@info.ro,6.75,f
289,0,621VM3,Goldan,Camil Ionut,2,A4,28-NOV-74,goldan.camil@gmail.com,6.31,f
290,0,492KN5,Chile,Marius,3,B3,19-MAY-74,chile.marius@info.ro,6.42,f
291,0,481CC4,Coseru,Iulia Alexandra,3,B3,21-MAY-74,coseru.iulia@info.ro,6.04,f
292,0,696MP0,Carp,Adrian,1,A2,19-NOV-74,carp.adrian@gmail.com,6.75,f
293,0,517CB8,Carp,Simina,2,A3,22-MAR-74,carp.simina@gmail.com,7.5,f
294,0,201WZ5,Lupascu,Iuliana Irina,2,B6,22-JAN-74,lupascu.iuliana@info.ro,6.19,f
295,0,915JL8,Cosnita,Eleonora Monica,3,B3,07-OCT-74,cosnita.eleonora@info.ro,6.42,f
296,0,676RT4,Toma,Diana,3,B3,01-MAR-74,toma.diana@info.ro,6.33,f
297,0,753ZI6,Varlan,Camelia,2,A1,19-FEB-74,varlan.camelia@info.ro,7.44,f
298,0,532FU2,Purice,Theodora Ema,1,B6,28-MAY-74,purice.theodora@gmail.com,5.88,f
299,0,298SC4,Dobos,Costel Razvan,2,B3,13-FEB-74,dobos.costel@info.ro,7.56,f
300,0,953GJ2,Morarescu,Marian Razvan,1,A1,12-APR-74,morarescu.marian@gmail.com,7,f
301,0,659HA1,Frunza,Giani Marius,2,A5,29-APR-74,frunza.giani@info.ro,6.5,f
302,0,914VT7,Cojocaru,Elvis,3,B2,09-AUG-74,cojocaru.elvis@info.ro,6.29,f
303,0,658AF1,Dragan,Mirela,3,A5,04-FEB-74,dragan.mirela@gmail.com,6.46,f
304,0,330YR0,Joldescu,Darius Nicolae,3,A2,07-NOV-74,joldescu.darius@info.ro,5.83,f
305,0,205HJ5,Herdes,Constantin Valeriu,3,A1,07-DEC-74,herdes.constantin@gmail.com,6.13,f
306,0,513FG7,Dochitei,Alina,1,A1,28-OCT-74,dochitei.alina@gmail.com,7.5,f
307,0,817PL8,Hostiuc,Dumitru,1,B2,10-JUN-74,hostiuc.dumitru@gmail.com,6.75,f
308,0,218CB8,Citea,Delia Theodora,1,B3,22-MAR-74,citea.delia@info.ro,6.75,f
309,0,856VU3,Mihalachi,George Andreas,1,B6,04-FEB-74,mihalachi.george@gmail.com,7.38,f
310,0,860DU7,Moisa,Daria Andreia,1,B5,25-NOV-74,moisa.daria@info.ro,6.38,f
311,0,942EM2,Patras,Daniela Eleonora,2,A4,26-APR-74,patras.daniela@info.ro,6.81,f
312,0,225HC8,Glodeanu,Ilie Danut,3,B4,18-OCT-74,glodeanu.ilie@gmail.com,6.79,f
313,0,894YN5,Sava,Adrian Matei,2,A6,05-JUN-74,sava.adrian@info.ro,7.25,f
314,0,328YA0,Ivascu,Irinel Ervin,3,B1,11-AUG-74,ivascu.irinel@gmail.com,6.75,f
315,0,135MF7,Alexii,Andreas Danut,1,B6,06-FEB-74,alexii.andreas@info.ro,6.88,f
316,0,539WE7,Nastaca,Nicu Iosif,1,B1,28-JUN-74,nastaca.nicu@gmail.com,6.25,f
317,0,474YI5,Vasiliu,Ionut,2,B4,24-SEP-74,vasiliu.ionut@info.ro,7.25,f
318,0,740QS7,Bulbuc-aioanei,Samuel Nicu,3,A5,22-MAY-74,bulbuc-aioanei.samuel@info.ro,6.79,f
319,0,746KH3,Ciocoiu,Bianca,2,A4,24-JAN-74,ciocoiu.bianca@info.ro,7.69,f
320,0,394VU1,Braescu,Petruta,3,B1,08-OCT-74,braescu.petruta@gmail.com,6.21,f
321,0,676GX0,Bejan,Paula,1,B5,09-NOV-74,bejan.paula@info.ro,7.13,f
322,0,883DY1,Mazilu,Paul Liviu,3,A3,18-SEP-74,mazilu.paul@info.ro,6.83,f
323,0,848FL8,Stavarache,Giulio Damian,3,A5,18-JAN-74,stavarache.giulio@info.ro,6.58,f
324,0,533YM6,Teodorescu,Iulia Stefania,1,B3,30-JAN-74,teodorescu.iulia@gmail.com,6.63,f
325,0,147NP2,Crainiceanu,Emanuela Ilona,2,B6,22-JAN-74,crainiceanu.emanuela@info.ro,6.94,f
326,0,800VF1,Ilie,Eleonora,2,A3,01-MAY-74,ilie.eleonora@gmail.com,6.69,f
327,0,554TZ5,Daniel,Iolanda Emanuela,3,A6,26-APR-74,daniel.iolanda@info.ro,6.63,f
328,0,805EY2,Bilan,Ilona Anda,2,B2,08-MAY-74,bilan.ilona@info.ro,7.19,f
329,0,977ND0,Iordache,Beniamin,1,A4,16-APR-74,iordache.beniamin@gmail.com,6.63,f
330,0,325HA2,Gavrilovici,Mihai Octavian,3,B1,29-APR-74,gavrilovici.mihai@info.ro,6.25,f
331,0,513YB4,Bizu,Raluca,3,A5,06-MAY-74,bizu.raluca@info.ro,6.88,f
332,0,601EJ8,Lungu,Vadim Ervin,1,B2,21-APR-74,lungu.vadim@info.ro,6.25,f
333,0,983HJ5,Mihaila,Simina Vasilica,1,A3,21-NOV-74,mihaila.simina@info.ro,6.38,f
334,0,337KN1,Caraiman,Cosmin Mihail,1,A4,25-MAY-74,caraiman.cosmin@info.ro,6.25,f
335,0,937AS6,Nicu,Sergiu Iosif,2,B2,24-JAN-74,nicu.sergiu@gmail.com,7.81,f
336,0,216MB7,Bursuc,Stefania,3,B6,22-NOV-74,bursuc.stefania@info.ro,6.42,f
337,0,699KS5,Petcu,Alin,1,B2,11-JAN-74,petcu.alin@gmail.com,6.25,f
338,0,413TK4,Cosnita,Stefan Andreas,2,B2,11-JAN-74,cosnita.stefan@gmail.com,6.94,f
339,0,329XT7,Grosu,Nicu,2,A6,26-JUN-74,grosu.nicu@info.ro,6.94,f
340,0,777FG2,Jitariuc,Mihai,3,A4,19-FEB-74,jitariuc.mihai@info.ro,6.5,f
341,0,580LH7,Talif,Ilie Darius,1,B1,27-FEB-74,talif.ilie@info.ro,7.75,f
342,0,575CX2,Condurache,Antonia Andra,2,A1,01-FEB-74,condurache.antonia@gmail.com,7.56,f
343,0,510NO6,Suhani,Lucian,3,B4,23-JUL-74,suhani.lucian@gmail.com,6.33,f
344,0,634CL0,Dodan,Ioana Georgiana,3,A2,22-JUN-74,dodan.ioana@gmail.com,6.17,f
345,0,747LK6,Lupu,Anca Ema,2,B6,29-SEP-74,lupu.anca@info.ro,6.88,f
346,0,551RH4,Mihailescu,Elisa,1,B2,08-NOV-74,mihailescu.elisa@gmail.com,6.13,f
347,0,238JC8,Lungeanu,Tamara Sanziana,3,B3,02-APR-74,lungeanu.tamara@info.ro,6.38,f
348,0,494TG6,Gitlan,Teodor,2,B2,28-MAR-74,gitlan.teodor@gmail.com,6.88,f
349,0,155DD7,Andronic,Ilona Madalina,3,A1,03-APR-74,andronic.ilona@gmail.com,6.25,f
350,0,554RP0,Dimache,Adina Emanuela,1,A5,03-MAY-74,dimache.adina@gmail.com,6,f
351,0,635KR1,Folvaiter,Georgiana Stefania,1,A2,08-SEP-74,folvaiter.georgiana@gmail.com,6.88,f
352,0,982VK1,Dragoman,Andrei,1,A5,26-MAY-74,dragoman.andrei@info.ro,5.88,f
353,0,374WQ8,Larion,Danut Theodor,1,A3,13-JUN-74,larion.danut@gmail.com,5.38,f
354,0,788DE7,Musca,Stefana,2,A5,07-APR-74,musca.stefana@info.ro,6.81,f
355,0,138OU2,Catiru,Marius Giani,1,B6,22-DEC-74,catiru.marius@gmail.com,6.5,f
356,0,270NM5,Dochitei,Teodor Alin,2,A2,07-FEB-74,dochitei.teodor@gmail.com,7.31,f
357,0,307MJ2,Cernescu,Irina,3,B1,20-SEP-74,cernescu.irina@info.ro,6.96,f
358,0,799XS6,Stolniceanu,Malina Oana,2,B6,28-MAY-74,stolniceanu.malina@gmail.com,6.88,f
359,0,475FY2,Dodan,Sabin,2,A2,06-MAR-74,dodan.sabin@gmail.com,6.56,f
360,0,871UB5,Folvaiter,Daniel Marius,3,B4,25-MAY-74,folvaiter.daniel@info.ro,6.67,f
361,0,143RG2,Belcescu,Irina Gabriela,2,B5,15-DEC-74,belcescu.irina@gmail.com,7.75,f
362,0,949GZ3,Baetu,Nicusor Teodor,2,A3,31-JUL-74,baetu.nicusor@info.ro,7.69,f
363,0,593YV3,Petcu,Emma,2,A1,03-JAN-74,petcu.emma@info.ro,7.19,f
364,0,508LJ1,Stoleru,Elvis Iulian,2,B6,14-FEB-74,stoleru.elvis@info.ro,7.13,f
365,0,386JU3,Gavrilovici,Nicusor,3,A5,28-AUG-74,gavrilovici.nicusor@info.ro,6.83,f
366,0,554RA8,Boca,Damian Petrut,3,B6,04-MAY-74,boca.damian@info.ro,6.25,f
367,0,778IL7,Maftei,Adina Diana,1,B6,10-JUN-74,maftei.adina@info.ro,7.13,f
368,0,657LH1,Gherase,Dan Gabriel,2,A4,17-JUL-74,gherase.dan@info.ro,6.69,f
369,0,736PF0,Voaides,Alexandru Emil,3,A3,23-NOV-74,voaides.alexandru@gmail.com,6.46,f
370,0,266PY5,Costan,Irina Bianca,3,A4,01-JAN-74,costan.irina@gmail.com,6.96,f
371,0,710ST5,Olanuta,Ema Sabina,3,A6,19-AUG-74,olanuta.ema@gmail.com,6.42,f
372,0,777UH4,Birsanu,Eusebiu,2,B1,15-DEC-74,birsanu.eusebiu@gmail.com,7.44,f
373,0,236XQ1,Podaru,Ilona,1,A3,06-JAN-74,podaru.ilona@gmail.com,7.25,f
374,0,424KH4,Pantiruc,Alex,1,A4,01-JUL-74,pantiruc.alex@info.ro,7.38,f
375,0,763VO6,Huma,Antonia,1,B4,11-AUG-74,huma.antonia@info.ro,7.63,f
376,0,133ZJ3,Birsanu,Andreia Larisa,1,B4,13-MAY-74,birsanu.andreia@info.ro,6.25,f
377,0,245RO0,Filimon,Dorian,3,B4,13-JUL-74,filimon.dorian@gmail.com,6.08,f
378,0,598MW0,Joldescu,Malina Stefana,3,B5,09-OCT-74,joldescu.malina@gmail.com,6.58,f
379,0,584GH2,Paparuz,Gheorghe Iosif,1,B4,30-OCT-74,paparuz.gheorghe@info.ro,7.38,f
380,0,952ON1,Borcan,Mihai Vasile,3,A2,21-SEP-74,borcan.mihai@gmail.com,6.33,f
381,0,228VV4,Gitlan,Iolanda,3,A2,06-MAR-74,gitlan.iolanda@gmail.com,7.17,f
382,0,979HI6,Matcovici,Petru,1,B4,06-APR-74,matcovici.petru@info.ro,6.75,f
383,0,416RK5,Palihovici,Rares,2,B2,15-FEB-74,palihovici.rares@info.ro,7.06,f
384,0,756XZ5,Bejan,Ovidiu Sergiu,1,B2,28-MAY-74,bejan.ovidiu@gmail.com,6.88,f
385,0,513VN1,Luncasu,Ileana,2,B1,27-OCT-74,luncasu.ileana@info.ro,6.25,f
386,0,373GG0,Filibiu,Ema Tamara,3,A1,20-NOV-74,filibiu.ema@info.ro,6.42,f
387,0,303BZ1,Alexe,Stefan,1,A3,12-JAN-74,alexe.stefan@info.ro,7.75,f
388,0,410KO5,Martinas,Simina Ioana,2,A4,03-JUN-74,martinas.simina@info.ro,6.94,f
389,0,441FS7,Chirila,Iaroslav Andrei,3,B4,15-OCT-74,chirila.iaroslav@gmail.com,6.67,f
390,0,875JA3,Sitaru,Mihai Vlad,2,A3,13-AUG-74,sitaru.mihai@gmail.com,7.44,f
391,0,809SC6,Anita,Sabina Manuela,2,A1,08-APR-74,anita.sabina@gmail.com,6.5,f
392,0,794NW3,Herscovici,Elisa Denisa,1,B3,03-AUG-74,herscovici.elisa@gmail.com,7.25,f
393,0,112KM7,Latu,Vasilica Laura,3,A2,12-JUN-74,latu.vasilica@info.ro,6.58,f
394,0,943DB4,Botezatu,Dimitrie,2,A6,08-JUL-74,botezatu.dimitrie@info.ro,5.88,f
395,0,151BW6,Stefan,Eleonora,1,A3,28-DEC-74,stefan.eleonora@info.ro,7.5,f
396,0,419HY5,Gherca,Octavian Paul,2,A4,13-OCT-74,gherca.octavian@gmail.com,6.38,f
397,0,221JT2,Turcu,Mihaela Daniela,2,A1,10-JUL-74,turcu.mihaela@info.ro,7.13,f
398,0,420GM4,Savescu,Paul Corneliu,2,A3,31-JUL-74,savescu.paul@info.ro,6,f
399,0,897PC6,Burloiu,Andreea Gabriela,1,B6,09-JUN-74,burloiu.andreea@info.ro,6.13,f
400,0,478YC2,Asaftei,Ilona,2,B5,25-FEB-74,asaftei.ilona@info.ro,6.44,f
401,0,120IP4,Lazar,Gabriel,1,A4,27-SEP-74,lazar.gabriel@info.ro,6.5,f
402,0,814WS8,Danila,Victor Vadim,3,B5,07-AUG-74,danila.victor@gmail.com,6.58,f
403,0,664VT1,Gurau,Ion,2,A5,24-SEP-74,gurau.ion@gmail.com,7.13,f
404,0,891XC7,Stavarache,Sabina Iolanda,3,A2,15-MAY-74,stavarache.sabina@gmail.com,6.21,f
405,0,927HV4,Arhip,Danut,1,B5,01-DEC-74,arhip.danut@info.ro,7,f
406,0,967SL6,Ungureanu,Ciprian Romanescu,3,A6,17-NOV-74,ungureanu.ciprian@info.ro,6.71,f
407,0,810TH5,Tesu,Ioan George,2,A2,27-APR-74,tesu.ioan@gmail.com,7.25,f
408,0,559GZ7,Prodan,Samuel,3,B1,29-SEP-74,prodan.samuel@info.ro,7,f
409,0,387NN1,Stolnicu,Monica Vasilica,2,B5,17-MAY-74,stolnicu.monica@info.ro,7.81,f
410,0,935KA7,Darie,Daria,3,B6,21-JUL-74,darie.daria@gmail.com,6.38,f
411,0,612PC7,Daniel,Giulio,2,A3,15-MAY-74,daniel.giulio@gmail.com,7.5,f
412,0,820ZN7,Baetu,Giulio Bogdan,2,B1,08-JUL-74,baetu.giulio@gmail.com,6.75,f
413,0,294IZ4,Leonte,Claudiu,2,B5,09-FEB-74,leonte.claudiu@gmail.com,7.44,f
414,0,420QN0,Ulinici,Laura,1,B2,27-NOV-74,ulinici.laura@gmail.com,7.75,f
415,0,139QX3,Negrutu,Stefania Vasilica,2,A3,18-OCT-74,negrutu.stefania@info.ro,6.69,f
416,0,578LG0,Amarghioalei,Vladimir,1,B4,14-MAR-74,amarghioalei.vladimir@info.ro,6.13,f
417,0,172UJ0,Dragoman,Andreea Eleonora,2,A6,28-AUG-74,dragoman.andreea@info.ro,7.44,f
418,0,845ZD1,Nechita,Alina Ema,3,B3,31-MAY-74,nechita.alina@info.ro,6.71,f
419,0,568AE5,Adascalitei,Ilie,2,A6,09-MAR-74,adascalitei.ilie@gmail.com,7.06,f
420,0,879HE7,Edu,George,2,B5,20-OCT-74,edu.george@gmail.com,7.5,f
421,0,864ON7,Lazar,Vasilica Ana,2,A5,01-NOV-74,lazar.vasilica@info.ro,6.56,f
422,0,655HR5,Alexandrescu,Anca Larisa,2,B5,29-AUG-74,alexandrescu.anca@info.ro,7.75,f
423,0,657UA6,Agape,Iosif,1,B2,21-MAR-74,agape.iosif@info.ro,7.13,f
424,0,968KC4,Gavriliuc,Ilona Tamara,1,A6,08-MAY-74,gavriliuc.ilona@info.ro,7,f
425,0,965JU7,Lazar,Beniamin Ervin,1,A2,14-OCT-74,lazar.beniamin@gmail.com,8.13,f
426,0,658US6,Folvaiter,Vlad Aurelian,1,A4,17-MAY-74,folvaiter.vlad@gmail.com,7,f
427,0,160EO0,Lungeanu,Larisa Petruta,2,B2,19-MAR-74,lungeanu.larisa@info.ro,6.25,f
428,0,641NO0,Corneanu,Romanescu Giulio,3,B4,11-OCT-74,corneanu.romanescu@info.ro,6.88,f
429,0,446IM3,Vinatoru,Claudiu George,1,A3,27-OCT-74,vinatoru.claudiu@info.ro,9.25,f
430,0,295GY8,Irimia,Ioana,1,A1,16-JUL-74,irimia.ioana@gmail.com,7.25,f
431,0,738SB6,Manole,Ioana Antonia,1,B5,03-OCT-74,manole.ioana@info.ro,6.38,f
432,0,405WZ6,Damian,Loredana Iulia,2,A2,11-SEP-74,damian.loredana@info.ro,6.63,f
433,0,151BZ8,Joldescu,Matei Stefan,2,B4,06-OCT-74,joldescu.matei@gmail.com,7.69,f
434,0,602JD4,Carp,Vasile,3,A2,05-MAY-74,carp.vasile@info.ro,6.17,f
435,0,159WG6,Cumpata,Vasilica Diana,3,B5,24-NOV-74,cumpata.vasilica@gmail.com,6.75,f
436,0,730TO7,Paparuz,Iulia Malina,1,A6,02-AUG-74,paparuz.iulia@info.ro,6.13,f
437,0,890SF0,Riza,Claudia,1,A2,07-NOV-74,riza.claudia@info.ro,7.25,f
438,0,176YM8,Micu,Claudia Andra,2,A4,02-MAR-74,micu.claudia@info.ro,6.44,f
439,0,455RZ0,Stoleru,Marius,1,B1,30-MAY-74,stoleru.marius@info.ro,7.5,f
440,0,897AU0,Ciucanu,Manuela Alina,3,A5,21-OCT-74,ciucanu.manuela@info.ro,6.33,f
441,0,781RK7,Marcu,Teodor Mihai,2,B6,05-DEC-74,marcu.teodor@info.ro,7,f
442,0,682MY8,Ventaniuc,Sanziana,3,B1,05-OCT-74,ventaniuc.sanziana@info.ro,6.13,f
443,0,956VM7,Corduneanu,Iuliana,3,B1,30-APR-74,corduneanu.iuliana@gmail.com,6.17,f
444,0,108LH6,Rosca,Teodora Stefania,3,A2,20-JAN-74,rosca.teodora@info.ro,6.38,f
445,0,454YD3,Creanga,Mihail,3,B1,28-MAR-74,creanga.mihail@info.ro,6.25,f
446,0,936BW0,Reut,Vasilica,1,A4,06-DEC-74,reut.vasilica@info.ro,8.5,f
447,0,559LP4,Riza,Ema Gabriela,2,B5,26-OCT-74,riza.ema@info.ro,6.94,f
448,0,106DA8,Ursachi,Iuliana,3,B6,11-MAR-74,ursachi.iuliana@info.ro,6.46,f
449,0,844OJ7,Burloiu,Dimitrie Sabin,2,A6,15-NOV-74,burloiu.dimitrie@gmail.com,6.31,f
450,0,787PY8,Ichim,Andra Laura,3,B5,07-SEP-74,ichim.andra@gmail.com,7.17,f
451,0,761OO1,Asaftei,Dumitru Petrut,2,A4,04-JUN-74,asaftei.dumitru@info.ro,6.88,f
452,0,661TV1,Insuratelu,Andrei Alexandru,2,B3,21-MAR-74,insuratelu.andrei@info.ro,7.69,f
453,0,766PF3,Bulai,Vladimir Ciprian,3,B3,14-JAN-74,bulai.vladimir@gmail.com,6.21,f
454,0,286JE4,Dima,Irina,2,B3,24-SEP-74,dima.irina@info.ro,7,f
455,0,554IZ5,Maxim,Cosmin Corneliu,3,A3,26-SEP-74,maxim.cosmin@info.ro,6.75,f
456,0,576QJ3,Babei,Stefania Malina,2,B2,10-NOV-74,babei.stefania@info.ro,6.81,f
457,0,403XB0,Dochitei,Stefania,1,A2,08-JUN-74,dochitei.stefania@info.ro,7.88,f
458,0,972JC8,Grama,Emanuela Andra,3,A3,08-MAY-74,grama.emanuela@gmail.com,6.08,f
459,0,828JU5,Negrus,Iulia,1,A1,23-DEC-74,negrus.iulia@info.ro,7,f
460,0,379KF8,Folvaiter,Marius,1,A2,08-JUN-74,folvaiter.marius@info.ro,7.75,f
461,0,319VV2,Covatariu,Damian,2,B4,18-OCT-74,covatariu.damian@gmail.com,7.69,f
462,0,947SZ5,Tudosa,Silviu,1,B3,29-JUL-74,tudosa.silviu@gmail.com,7.63,f
463,0,371KN7,Ionita,Ionut,1,B3,16-MAY-74,ionita.ionut@gmail.com,5.88,f
464,0,948DR3,Filip,Xena,1,B5,27-MAY-74,filip.xena@gmail.com,7.13,f
465,0,528YZ2,Nechita,Gabriela Monica,3,A3,02-NOV-74,nechita.gabriela@gmail.com,6.83,f
466,0,897HW2,Ghibirdic,Diana Iulia,3,B2,08-MAY-74,ghibirdic.diana@gmail.com,6.17,f
467,0,880WF3,Postolache,Simina,3,A3,29-JAN-74,postolache.simina@info.ro,6.38,f
468,0,755QV2,Barbieru,Robert,3,B1,05-JAN-74,barbieru.robert@gmail.com,6.83,f
469,0,163JD0,Pascaru,Andreas Cosmin,2,A3,13-JAN-74,pascaru.andreas@gmail.com,7.56,f
470,0,620ZW1,Micu,Elisa Alina,2,B4,10-DEC-74,micu.elisa@info.ro,6.69,f
471,0,434NV2,Dragoman,Vadim,3,B5,08-JUL-74,dragoman.vadim@info.ro,6.25,f
472,0,218RR8,Trifan,Codrina,3,A2,14-FEB-74,trifan.codrina@gmail.com,5.96,f
473,0,265SH7,Alexii,Razvan,2,A6,28-FEB-74,alexii.razvan@gmail.com,6.56,f
474,0,368TP5,Grama,Cezar Florin,3,A6,23-JAN-74,grama.cezar@gmail.com,6.71,f
475,0,540YV7,Gorgan,Irinel,3,A4,10-OCT-74,gorgan.irinel@info.ro,6.63,f
476,0,455NK6,Clim,Iulia Adina,2,B5,10-FEB-74,clim.iulia@info.ro,6,f
477,0,194MB8,Covatariu,Simina Ema,3,A2,09-AUG-74,covatariu.simina@info.ro,6.42,f
478,0,201GS4,Ciucanu,Paul,3,A3,13-AUG-74,ciucanu.paul@info.ro,6.5,f
479,0,818SR7,Haba,Vasilica Manuela,3,A2,26-SEP-74,haba.vasilica@info.ro,7.13,f
480,0,746WW7,Darie,Filip,2,A2,11-SEP-74,darie.filip@gmail.com,7.56,f
481,0,351BL2,Tudosa,Dimitrie,3,A2,27-DEC-74,tudosa.dimitrie@info.ro,6.58,f
482,0,910DD4,Riscanu,Iaroslav Silviu,2,B2,16-DEC-74,riscanu.iaroslav@info.ro,6.38,f
483,0,813NX1,Simiganoschi,Laurentiu,3,A6,30-MAY-74,simiganoschi.laurentiu@info.ro,5.88,f
484,0,449DL7,Cusmuliuc,Giani Dorian,2,B5,07-MAR-74,cusmuliuc.giani@info.ro,7.25,f
485,0,175ZM8,Bejan,Cezar,3,B4,08-JUN-74,bejan.cezar@info.ro,6,f
486,0,241SI3,Olanuta,Petruta,2,A2,14-SEP-74,olanuta.petruta@gmail.com,7.13,f
487,0,955BN8,Dudau,Sabin,3,A3,16-SEP-74,dudau.sabin@info.ro,6.46,f
488,0,543YH4,Avadanei,Stefan Matei,3,B2,10-MAR-74,avadanei.stefan@info.ro,6.29,f
489,0,587PM8,Caraiman,Andreea Mihaela,2,A4,17-JAN-74,caraiman.andreea@info.ro,7.75,f
490,0,866TH0,Stingaciu,Cosmin Darius,2,A3,05-SEP-74,stingaciu.cosmin@info.ro,6.75,f
491,0,262YS1,Juravle,Simina Alexandra,3,B2,30-OCT-74,juravle.simina@info.ro,6.21,f
492,0,133DC4,Birsanu,Bogdan Ovidiu,2,B4,25-OCT-74,birsanu.bogdan@info.ro,7.56,f
493,0,805SD6,Jitca,Manuela,3,B3,27-AUG-74,jitca.manuela@gmail.com,6.21,f
494,0,564LG6,Eusebiu,Catalin Camil,2,A6,18-JUL-74,eusebiu.catalin@gmail.com,6.5,f
495,0,362AC8,Ursache,Sanziana Simina,1,B3,09-FEB-74,ursache.sanziana@info.ro,7.88,f
496,0,184EY0,Bulbuc-aioanei,Valeriu,2,B2,02-MAY-74,bulbuc-aioanei.valeriu@gmail.com,7.31,f
497,0,174TK6,Vulpescu,Matei,1,B5,22-AUG-74,vulpescu.matei@gmail.com,6.88,f
498,0,801CR4,Eduard,Richard Petru,1,B3,07-NOV-74,eduard.richard@gmail.com,6.88,f
499,0,520HN5,Adascalitei,Marian Teodor,1,A5,08-JUL-74,adascalitei.marian@info.ro,7.25,f
500,0,784ZQ2,Irimia,Dimitrie Alexandru,1,A5,07-DEC-74,irimia.dimitrie@gmail.com,5.63,f
501,0,965YY8,Gitlan,Ovidiu Iosif,3,B3,04-FEB-74,gitlan.ovidiu@info.ro,6.71,f
502,0,187HW0,Chelaru,Catalin Robert,1,B5,16-OCT-74,chelaru.catalin@gmail.com,5.88,f
503,0,165BG4,Ionita,Corneliu,2,A5,02-MAR-74,ionita.corneliu@gmail.com,7.81,f
504,0,594UN7,Dudau,Madalina,1,B4,07-FEB-74,dudau.madalina@gmail.com,7.13,f
505,0,689NE3,Dudau,Stefana,1,B2,26-JUN-74,dudau.stefana@info.ro,8,f
506,0,918FI2,Chile,Andreas,1,B4,27-APR-74,chile.andreas@info.ro,7.13,f
507,0,170LF3,Chitic,Manuela,2,A6,09-APR-74,chitic.manuela@gmail.com,6.94,f
508,0,413KP4,Cehan,Corneliu Samuel,2,B2,07-NOV-74,cehan.corneliu@gmail.com,6.81,f
509,0,478KI6,Hutanu,Lucian Alex,3,B1,13-SEP-74,hutanu.lucian@info.ro,6.46,f
510,0,867ZC8,Dogaru,Ecaterina Georgiana,1,B6,19-NOV-74,dogaru.ecaterina@info.ro,6.5,f
511,0,860IJ5,Burloiu,Valeriu Vasile,1,A4,20-OCT-74,burloiu.valeriu@info.ro,6,f
512,0,605CN8,Coseru,Alin,1,B3,04-DEC-74,coseru.alin@gmail.com,8.25,f
513,0,227YI0,Varteniuc,Daniel,2,A4,21-SEP-74,varteniuc.daniel@info.ro,7.69,f
514,0,611NZ3,Maxim,Simina Theodora,2,A4,08-JUL-74,maxim.simina@gmail.com,6.25,f
515,0,224UF1,Bulbuc-aioanei,Stefana,3,B2,10-OCT-74,bulbuc-aioanei.stefana@info.ro,6.92,f
516,0,795ZC8,Fedeles,Robert,3,A5,27-DEC-74,fedeles.robert@gmail.com,6.58,f
517,0,330TU8,Leonte,Loredana Theodora,3,A1,09-AUG-74,leonte.loredana@info.ro,6.38,f
518,0,210KH5,Cernescu,Nicusor Cosmin,1,B5,12-SEP-74,cernescu.nicusor@info.ro,6,f
519,0,228MK5,Maxim,Daria,2,A1,07-DEC-74,maxim.daria@info.ro,7.38,f
520,0,816VH2,Marton,Xena,1,B6,24-JUL-74,marton.xena@gmail.com,6.25,f
521,0,253FP8,Alexii,Andreia,2,B2,04-JAN-74,alexii.andreia@gmail.com,6.75,f
522,0,758PL8,Nica,Georgiana,1,B2,25-FEB-74,nica.georgiana@gmail.com,7.13,f
523,0,976HA4,Cebere,Rares,2,B6,16-MAY-74,cebere.rares@info.ro,7.06,f
524,0,786RZ8,Apostol,Dorian,1,A1,29-MAY-74,apostol.dorian@info.ro,8,f
525,0,525EB0,Ionesei,Andreia Monica,3,A6,16-OCT-74,ionesei.andreia@gmail.com,6.71,f
526,0,412YW1,Mihailescu,Vasile,1,A4,10-JAN-74,mihailescu.vasile@gmail.com,7.13,f
527,0,147JJ3,Rachieru,Florin Nicusor,3,B5,12-FEB-74,rachieru.florin@gmail.com,6.92,f
528,0,914JH2,Andronic,Loredana Teodora,3,B4,10-JUL-74,andronic.loredana@gmail.com,6.54,f
529,0,615AS1,Micu,Romanescu Giani,3,B3,10-JUL-74,micu.romanescu@info.ro,6.71,f
530,0,554NE2,Robu,Bianca Paula,2,B4,31-OCT-74,robu.bianca@gmail.com,7.38,f
531,0,422HV5,Vinatoru,Codrina Elisa,3,B1,23-OCT-74,vinatoru.codrina@info.ro,6.79,f
532,0,198GR3,Cazamir,Gabriela Mirela,1,B3,24-NOV-74,cazamir.gabriela@gmail.com,6.75,f
533,0,854CV7,Cazamir,Ionut,2,B1,10-DEC-74,cazamir.ionut@gmail.com,7.06,f
534,0,665DR4,Dragomir,Larisa Simona,2,A1,08-NOV-74,dragomir.larisa@gmail.com,7.75,f
535,0,808ZU5,Poenariu,Iulia,2,B1,22-AUG-74,poenariu.iulia@gmail.com,6.63,f
536,0,303AP5,Giurgila,Alexandru,3,B5,10-JUL-74,giurgila.alexandru@info.ro,6.13,f
537,0,453UW6,Avadanei,Dorian Emil,3,B6,06-MAY-74,avadanei.dorian@gmail.com,6.04,f
538,0,948IP4,Mihalcea,Dorin Iosif,3,B2,05-OCT-74,mihalcea.dorin@gmail.com,6.21,f
539,0,281KH4,Manole,Loredana,3,A4,25-AUG-74,manole.loredana@gmail.com,6.71,f
540,0,420RY1,Dragomir,Codrin Stefan,1,B4,21-AUG-74,dragomir.codrin@gmail.com,6.25,f
541,0,943EB5,Maftei,Tamara,2,A6,14-JUL-74,maftei.tamara@gmail.com,7.31,f
542,0,221PZ6,Chicos,Danut,1,B6,05-JUN-74,chicos.danut@info.ro,7,f
543,0,270NE6,Leustean,Nicolae George,3,A6,27-DEC-74,leustean.nicolae@info.ro,6.13,f
544,0,706DQ0,Stolniceanu,Eusebiu Sergiu,3,A6,05-APR-74,stolniceanu.eusebiu@info.ro,7.04,f
545,0,185LR8,Opariuc,Daria Anca,1,B2,13-JUN-74,opariuc.daria@gmail.com,8,f
546,0,565WO1,Cehan,Dorian,2,B6,13-AUG-74,cehan.dorian@gmail.com,7.31,f
547,0,476DE6,Asaftei,Radu Codrin,2,B2,03-JUL-74,asaftei.radu@gmail.com,7.56,f
548,0,900JK7,Razvan,Ilona Denisa,3,A6,17-MAY-74,razvan.ilona@gmail.com,6.13,f
549,0,783QU5,Leustean,Iulia Manuela,3,B6,09-APR-74,leustean.iulia@gmail.com,7.33,f
550,0,480TR0,Leuciuc,Sergiu,1,B1,17-APR-74,leuciuc.sergiu@gmail.com,7.5,f
551,0,281AG2,Hostiuc,Nicusor Danut,2,B1,10-NOV-74,hostiuc.nicusor@info.ro,6.81,f
552,0,249IX0,Asaftei,Alin Mihail,1,B2,29-APR-74,asaftei.alin@info.ro,7.13,f
553,0,951BP4,Chistol,Ilona Diana,2,A2,17-JAN-74,chistol.ilona@info.ro,6.31,f
554,0,361IZ1,Clim,Lucian,2,B3,20-DEC-74,clim.lucian@info.ro,6.81,f
555,0,676ZJ3,Palihovici,Elena,2,B1,16-JUL-74,palihovici.elena@info.ro,6.88,f
556,0,727PB2,Talif,Petrut Mihai,3,B4,24-APR-74,talif.petrut@gmail.com,6.33,f
557,0,259XW3,Ilie,Samuel Stefan,1,B3,02-MAY-74,ilie.samuel@gmail.com,6.5,f
558,0,658EP0,Riscanu,Iulia Tamara,3,A6,19-OCT-74,riscanu.iulia@gmail.com,6.58,f
559,0,860HE3,Morarescu,Antonia Daria,3,A2,10-MAY-74,morarescu.antonia@gmail.com,6.46,f
560,0,874GE8,Bradea,Delia,1,A2,10-NOV-74,bradea.delia@gmail.com,7.25,f
561,0,813FA4,Hociung,Emil Laurentiu,3,B2,16-JAN-74,hociung.emil@gmail.com,6.04,f
562,0,174VG8,Apetrei,Alexandra,1,B5,01-FEB-74,apetrei.alexandra@gmail.com,6.63,f
563,0,590YI3,Trifan,Petru Razvan,3,B1,08-AUG-74,trifan.petru@info.ro,6.63,f
564,0,146HQ0,Dragoman,Ilona Teodora,1,B2,08-DEC-74,dragoman.ilona@info.ro,6.5,f
565,0,327WR3,Soficu,Paula,3,B2,24-NOV-74,soficu.paula@gmail.com,5.92,f
566,0,119WQ6,Popescu,Irina Ileana,1,A3,29-NOV-74,popescu.irina@gmail.com,8,f
567,0,635KL2,Banu,Ion Constantin,1,A2,08-FEB-74,banu.ion@gmail.com,7.75,f
568,0,818GA5,Eduard,Sabina Malina,1,A1,04-MAR-74,eduard.sabina@info.ro,6.5,f
569,0,241XO3,Olanuta,Ionel Teofil,2,B3,22-APR-74,olanuta.ionel@gmail.com,7.94,f
570,0,598FF8,Cojocariu,Mihaela,1,A6,15-MAY-74,cojocariu.mihaela@gmail.com,7.13,f
571,0,324LT6,Birsanu,Emanuela,2,B6,07-JUL-74,birsanu.emanuela@info.ro,6.44,f
572,0,877SL3,Andronic,Danut,2,B2,28-JUL-74,andronic.danut@gmail.com,6.75,f
573,0,835RI0,Ionesi,Manuela Oana,3,B2,24-OCT-74,ionesi.manuela@gmail.com,6.71,f
574,0,292SK7,Gherman,Mihaela Bianca,3,B6,07-MAR-74,gherman.mihaela@info.ro,6.46,f
575,0,460SX7,Miron,Razvan Ervin,3,B3,28-NOV-74,miron.razvan@info.ro,6.83,f
576,0,156OC8,Chile,Maria,1,A4,05-JUL-74,chile.maria@info.ro,9.38,f
577,0,275PI6,Duceac,Daria Petruta,1,A2,28-MAR-74,duceac.daria@info.ro,7.63,f
578,0,910HH4,Toncu,Ion Roland,3,A3,12-NOV-74,toncu.ion@info.ro,6.46,f
579,0,585BG3,Baetu,Andra Maria,2,A6,28-MAR-74,baetu.andra@gmail.com,7.38,f
580,0,779KU7,Gherca,Ilona,3,A3,19-FEB-74,gherca.ilona@gmail.com,6.67,f
581,0,511PS4,Mazur,Teodora Delia,1,A6,02-DEC-74,mazur.teodora@gmail.com,7.25,f
582,0,230CH5,Chelmus,Dragos Adrian,3,B3,01-NOV-74,chelmus.dragos@gmail.com,7,f
583,0,504JS8,Matei,Nicu,3,B3,16-FEB-74,matei.nicu@info.ro,6.5,f
584,0,723OG3,Buza,Giulio,3,A3,24-OCT-74,buza.giulio@info.ro,6.29,f
585,0,987KV5,Sandulache,Elisa Antonia,2,B3,20-JUN-74,sandulache.elisa@info.ro,7.31,f
586,0,846BC0,Antonie,Stefana Andreea,3,A1,25-JUN-74,antonie.stefana@gmail.com,6.33,f
587,0,400XY4,Chilaboc,Dumitru Valeriu,2,B5,04-MAY-74,chilaboc.dumitru@gmail.com,7.5,f
588,0,289JX8,Mihailescu,Diana Sabina,2,A4,06-MAR-74,mihailescu.diana@gmail.com,6.75,f
589,0,592ZJ5,Onu,Irina,2,B4,11-NOV-74,onu.irina@gmail.com,6.88,f
590,0,719GZ3,Giurgila,Laurentiu Catalin,1,B3,24-FEB-74,giurgila.laurentiu@gmail.com,7.13,f
591,0,571JU6,Riza,Victor Camil,3,A2,30-SEP-74,riza.victor@gmail.com,6.29,f
592,0,657GM1,Filibiu,Mihail,3,B6,04-JUL-74,filibiu.mihail@gmail.com,7.17,f
593,0,916AH5,Trifan,Valeriu,3,A6,06-DEC-74,trifan.valeriu@info.ro,6.79,f
594,0,584AC5,Aungurenci,Richard,2,B4,21-JAN-74,aungurenci.richard@info.ro,7.5,f
595,0,936EW0,Matei,Iuliana Loredana,1,A2,28-APR-74,matei.iuliana@info.ro,8.13,f
596,0,644JZ5,Ionesi,Andreea,3,A3,17-MAY-74,ionesi.andreea@info.ro,6.42,f
597,0,943XA7,Lungu,Iustin Darius,3,A6,31-AUG-74,lungu.iustin@gmail.com,6.58,f
598,0,629DE0,Cebere,Filip Radu,1,A5,01-DEC-74,cebere.filip@info.ro,7,f
599,0,211NI3,Pantiruc,Larisa,2,A1,01-AUG-74,pantiruc.larisa@info.ro,7,f
600,0,140OO7,Macoveschi,Xena,3,B3,04-AUG-74,macoveschi.xena@info.ro,6.54,f
601,0,658CE3,Manolache,Denise Ioan,2,B5,20-MAY-74,manolache.denise@gmail.com,6.56,f
602,0,765CR4,Patachi,Iosif,2,B3,08-AUG-74,patachi.iosif@gmail.com,6.56,f
603,0,871QZ6,Ventaniuc,Ana,3,A3,09-MAR-74,ventaniuc.ana@gmail.com,6.13,f
604,0,681CK2,Chirila,Denisa Diana,1,A2,06-JUN-74,chirila.denisa@gmail.com,7.38,f
605,0,819RJ3,Turcu,Daniela Elisa,3,B6,22-JAN-74,turcu.daniela@info.ro,6.08,f
606,0,622BA8,Balan,Vasilica,2,A1,04-MAY-74,balan.vasilica@gmail.com,6.81,f
607,0,550FN5,Stoica,Andreas Adrian,3,A6,10-APR-74,stoica.andreas@gmail.com,5.67,f
608,0,875WR4,Lungu,Maria Cristina,1,B3,17-SEP-74,lungu.maria@info.ro,7.13,f
609,0,136LE5,Birsanu,Valeriu,2,B3,15-JAN-74,birsanu.valeriu@gmail.com,7.88,f
610,0,480AE0,Negrutu,Costel,3,B1,26-MAY-74,negrutu.costel@gmail.com,5.83,f
611,0,152BS3,Burloiu,Anca Ilona,3,A6,16-MAR-74,burloiu.anca@gmail.com,6.83,f
612,0,407UK7,Tudose,Dorin,3,B3,27-APR-74,tudose.dorin@gmail.com,6.42,f
613,0,550AT4,Matcovici,Madalina,2,B1,06-JAN-74,matcovici.madalina@info.ro,6.63,f
614,0,501FU8,Tuiu,Dumitru Florian,3,A4,14-DEC-74,tuiu.dumitru@gmail.com,6.67,f
615,0,910QF8,Braescu,Tamara Diana,2,B6,08-JUL-74,braescu.tamara@gmail.com,7.63,f
616,0,163MA1,Eduard,Iuliana Xena,1,A5,14-JUL-74,eduard.iuliana@info.ro,6.63,f
617,0,679BL2,Stiufliuc,Alexandra,2,A4,14-MAR-74,stiufliuc.alexandra@gmail.com,6.63,f
618,0,543QB8,Riza,Codrin,2,A5,08-JUL-74,riza.codrin@info.ro,6.19,f
619,0,619OW8,Predoaia,Eusebiu,2,B5,26-MAR-74,predoaia.eusebiu@gmail.com,6.94,f
620,0,325EV5,Cazamir,Laura Daria,3,A3,17-JAN-74,cazamir.laura@gmail.com,6.83,f
621,0,340EU0,Cazamir,Vlad Marian,1,A3,14-SEP-74,cazamir.vlad@gmail.com,7,f
622,0,767ZV3,Vasilache,Ervin,1,B6,04-SEP-74,vasilache.ervin@info.ro,7.13,f
623,0,306AJ0,Poputoaia,Paul Valeriu,2,A5,06-APR-74,poputoaia.paul@gmail.com,7,f
624,0,171SW4,Calinescu,Valeriu Iaroslav,1,A6,25-JAN-74,calinescu.valeriu@gmail.com,6.38,f
625,0,683XB0,Unghianu,Razvan Alin,2,A1,27-NOV-74,unghianu.razvan@gmail.com,7.31,f
626,0,129UK6,Covatariu,Victor Beniamin,1,A2,09-JUL-74,covatariu.victor@gmail.com,6.13,f
627,0,362RA2,Cehan,Larisa Denisa,2,B5,11-FEB-74,cehan.larisa@gmail.com,7.5,f
628,0,647XC4,Baciu,Sabina Ilona,3,A4,05-NOV-74,baciu.sabina@gmail.com,6.88,f
629,0,454II8,Tuiu,Eleonora,1,B4,26-JAN-74,tuiu.eleonora@gmail.com,6,f
630,0,521US5,Avadanei,Florian,3,A4,07-APR-74,avadanei.florian@gmail.com,6.75,f
631,0,543CI3,Gherase,Cezar Octavian,3,A5,07-MAR-74,gherase.cezar@gmail.com,6.17,f
632,0,165CT4,Silitra,Vladimir Silviu,3,B2,29-NOV-74,silitra.vladimir@gmail.com,6.58,f
633,0,788DU3,Luca,Vasile Andrei,3,A2,28-DEC-74,luca.vasile@info.ro,6.04,f
634,0,391AS1,Miron,Marius,1,A4,28-JUL-74,miron.marius@info.ro,7.75,f
635,0,663ZW4,Balica,Alina Emanuela,1,A6,23-JAN-74,balica.alina@gmail.com,7.75,f
636,0,623GC2,Gherca,Eleonora,3,A3,06-OCT-74,gherca.eleonora@info.ro,6.17,f
637,0,574SY7,Gurau,Anca,1,B6,17-MAY-74,gurau.anca@info.ro,8.63,f
638,0,374FF6,Dragomir,Theodora,3,B5,25-JAN-74,dragomir.theodora@gmail.com,6.5,f
639,0,988MJ0,Dodan,Eleonora Iuliana,3,B6,20-NOV-74,dodan.eleonora@gmail.com,6.5,f
640,0,949SW8,Crainiceanu,Irinel Damian,2,A3,14-JUL-74,crainiceanu.irinel@info.ro,6.94,f
641,0,869WA6,Patras,Eleonora,3,A1,11-OCT-74,patras.eleonora@info.ro,6.17,f
642,0,473QD8,Milut,Sabina Codrina,1,B5,03-MAY-74,milut.sabina@info.ro,7.25,f
643,0,374VD8,Popescu,Emanuela Elisa,1,A5,16-FEB-74,popescu.emanuela@gmail.com,6.38,f
644,0,525XK6,Insuratelu,Elena,3,B5,11-JAN-74,insuratelu.elena@gmail.com,6.17,f
645,0,279IT8,Jitca,Danut Constantin,2,B4,10-OCT-74,jitca.danut@gmail.com,6.81,f
646,0,423GT6,Mazur,Ileana Daria,2,A1,09-JUL-74,mazur.ileana@gmail.com,6.81,f
647,0,211ZW7,Ferestraoaru,Petruta Bianca,1,B1,04-JUN-74,ferestraoaru.petruta@gmail.com,7.38,f
648,0,956EJ7,Ostafe,Ion,3,B1,20-MAY-74,ostafe.ion@info.ro,6.29,f
649,0,936QP5,Ciornei,Bogdan,1,B1,20-FEB-74,ciornei.bogdan@gmail.com,8.25,f
650,0,502CJ8,Piriu,Dorin Daniel,3,A2,23-JUL-74,piriu.dorin@info.ro,6.13,f
651,0,626ZM0,Piriu,Irina,1,B2,14-SEP-74,piriu.irina@gmail.com,6,f
652,0,439OM6,Folvaiter,Elvis Bogdan,2,A6,16-AUG-74,folvaiter.elvis@gmail.com,7,f
653,0,590RN5,Leonte,Raluca Camelia,2,B5,21-OCT-74,leonte.raluca@gmail.com,7.44,f
654,0,276PM0,Lungu,Delia,2,A2,04-APR-74,lungu.delia@gmail.com,7.25,f
655,0,914UG1,Poputoaia,Teofil Samuel,3,B5,12-AUG-74,poputoaia.teofil@info.ro,6.08,f
656,0,982BX0,Mataca,Vasilica,1,B4,07-AUG-74,mataca.vasilica@gmail.com,7.25,f
657,0,997SI0,Vlad,Alexandra Iolanda,2,A2,06-MAY-74,vlad.alexandra@info.ro,6.88,f
658,0,111HM1,Alexii,Laura Alexandra,2,A3,08-DEC-74,alexii.laura@info.ro,7,f
659,0,213SV8,Ciofu,Nicu Daniel,3,A3,14-JAN-74,ciofu.nicu@gmail.com,6.21,f
660,0,400RJ0,Iovu,Anca Mirela,2,B3,28-JAN-74,iovu.anca@gmail.com,6.75,f
661,0,626LR1,Romanescu,Camil,2,B2,17-JUN-74,romanescu.camil@gmail.com,6.94,f
662,0,785FI7,Predoaia,Damian Dorian,3,A1,08-MAY-74,predoaia.damian@gmail.com,6.25,f
663,0,124US2,Iosub,Alin,3,B2,08-AUG-74,iosub.alin@info.ro,6.25,f
664,0,740FH4,Popescu,Loredana,3,B3,05-MAY-74,popescu.loredana@info.ro,6.38,f
665,0,879CC1,Riza,Stefania Ilona,2,B4,26-JAN-74,riza.stefania@info.ro,7.06,f
666,0,226VX5,Luncasu,Giulio Ionel,3,A3,03-JUN-74,luncasu.giulio@gmail.com,6.25,f
667,0,514DW6,Ursu,Theodor Constantin,3,A6,25-FEB-74,ursu.theodor@info.ro,6.46,f
668,0,116OR2,Marcu,Dorin Vladut,2,B3,12-DEC-74,marcu.dorin@info.ro,7.44,f
669,0,292ZP8,Stingaciu,Manuela Anca,2,B1,07-SEP-74,stingaciu.manuela@info.ro,7.06,f
670,0,472KA0,Andrei,Malina,1,B2,18-JUN-74,andrei.malina@gmail.com,6.88,f
671,0,653DE6,Duceac,Tamara Ema,3,A2,15-MAY-74,duceac.tamara@info.ro,6.92,f
672,0,593US8,Luncasu,Aurelian Theodor,3,A4,13-MAY-74,luncasu.aurelian@info.ro,6,f
673,0,606SM7,Mihailescu,Laura,1,B4,01-MAY-74,mihailescu.laura@gmail.com,8.13,f
674,0,155UC1,Damoc,Marian Codrin,2,A1,06-MAY-74,damoc.marian@gmail.com,7.19,f
675,0,239WD7,Manolache,Ionut,3,B3,10-NOV-74,manolache.ionut@info.ro,7.13,f
676,0,352RT4,Prodan,Malina Iulia,1,B5,29-MAY-74,prodan.malina@gmail.com,6.88,f
677,0,638TV4,Varteniuc,Cristina,1,A5,05-JAN-74,varteniuc.cristina@info.ro,7.38,f
678,0,475EC7,Marton,Sabina Tamara,3,B2,16-FEB-74,marton.sabina@gmail.com,6.46,f
679,0,160JR2,Sandu,Anda Andreea,3,A3,04-DEC-74,sandu.anda@gmail.com,6.42,f
680,0,257EP3,Macariu,Madalina,3,A6,11-OCT-74,macariu.madalina@info.ro,6.46,f
681,0,380DE6,Chistol,Silviu Costel,1,A3,25-JUL-74,chistol.silviu@gmail.com,6.13,f
682,0,694KH6,Onu,Gabriel,3,B3,14-APR-74,onu.gabriel@info.ro,7.46,f
683,0,805UC8,Matrana,Antonia Anca,3,B1,27-JUN-74,matrana.antonia@info.ro,6.46,f
684,0,668AB4,Stingaciu,Sanziana,1,A2,26-NOV-74,stingaciu.sanziana@info.ro,6.63,f
685,0,731CI4,Toncu,Vlad Eugen,3,B2,08-DEC-74,toncu.vlad@gmail.com,6.38,f
686,0,193ST3,Vicol,Ana,1,B4,25-APR-74,vicol.ana@gmail.com,7.5,f
687,0,413SJ7,Filibiu,Teofil Vasile,1,B6,12-AUG-74,filibiu.teofil@info.ro,8.25,f
688,0,453YQ8,Vrabie,Ilona Simina,1,B4,08-NOV-74,vrabie.ilona@info.ro,6.5,f
689,0,618FH8,Hutanu,Elisa,1,B6,19-OCT-74,hutanu.elisa@info.ro,7.25,f
690,0,827VG7,Huzum,Laurentiu Radu,1,B3,14-DEC-74,huzum.laurentiu@gmail.com,7,f
691,0,578QB8,Morosanu,Sergiu Giulio,3,A6,01-SEP-74,morosanu.sergiu@gmail.com,5.96,f
692,0,177JR0,Benchea,Eleonora,3,B6,21-FEB-74,benchea.eleonora@info.ro,6.79,f
693,0,935LL7,Predoaia,Cezar Sabin,2,A5,06-MAR-74,predoaia.cezar@gmail.com,6.81,f
694,0,811MW5,Simionescu,Nicolae,1,A4,03-APR-74,simionescu.nicolae@gmail.com,7.75,f
695,0,611XX1,Burlacu,Teodora Adina,3,B4,20-JAN-74,burlacu.teodora@gmail.com,6.83,f
696,0,677SG0,Dobos,Laura Oana,1,A3,05-AUG-74,dobos.laura@info.ro,7.88,f
697,0,810JK0,Coseru,Stefan,2,B5,01-JUN-74,coseru.stefan@info.ro,6.94,f
698,0,623GM4,Stoica,Aurelian Dan,2,A4,30-SEP-74,stoica.aurelian@gmail.com,7.13,f
699,0,427KN4,Dogaru,Ilona,1,B6,22-JAN-74,dogaru.ilona@info.ro,6.38,f
700,0,244YZ0,Leuciuc,Beniamin Aurelian,1,B6,07-FEB-74,leuciuc.beniamin@gmail.com,6.63,f
701,0,143SX3,Ungureanu,Laurentiu Eugen,1,B1,18-FEB-74,ungureanu.laurentiu@gmail.com,7.75,f
702,0,704GT2,Robu,Larisa,2,B3,16-OCT-74,robu.larisa@info.ro,6.06,f
703,0,437IU3,Fedeles,Ana Monica,3,B4,18-APR-74,fedeles.ana@gmail.com,6.71,f
704,0,154JD1,Reut,Stefana,1,A1,21-MAR-74,reut.stefana@info.ro,6.38,f
705,0,450WX4,Balan,Emma Petruta,3,B2,16-OCT-74,balan.emma@info.ro,6.42,f
706,0,371LD7,Cumpata,Eusebiu,2,B3,29-OCT-74,cumpata.eusebiu@info.ro,7.75,f
707,0,267MV1,Bradea,Ionut Ervin,2,B6,08-AUG-74,bradea.ionut@gmail.com,7.63,f
708,0,430FJ5,Motrescu,Iustin Sergiu,2,B5,01-JUN-74,motrescu.iustin@info.ro,6.88,f
709,0,438ZQ1,Zazuleac,Alin Beniamin,3,A2,06-MAY-74,zazuleac.alin@info.ro,6.54,f
710,0,604EA8,Iacob,Ionut Ciprian,3,B1,11-JAN-74,iacob.ionut@info.ro,6.46,f
711,0,982LN1,Herscovici,Victor Liviu,1,B5,17-JUN-74,herscovici.victor@info.ro,6.75,f
712,0,452UL8,Corodescu,Cosmin Robert,3,A2,03-MAR-74,corodescu.cosmin@info.ro,6.46,f
713,0,276BW1,Grigore,Andreia,3,A2,03-NOV-74,grigore.andreia@gmail.com,6.83,f
714,0,252OU0,Haba,Codrin Vlad,2,B2,05-NOV-74,haba.codrin@gmail.com,7.81,f
715,0,439ZN3,Grigore,Nicolae,2,A4,09-SEP-74,grigore.nicolae@info.ro,8.19,f
716,0,624JV8,Harpa,Andreia,1,B1,19-MAR-74,harpa.andreia@info.ro,7.25,f
717,0,342QW3,Dogaru,Raluca,2,B1,26-MAY-74,dogaru.raluca@info.ro,6.88,f
718,0,451VD5,Alexandru,Alexandra Bianca,1,A5,17-SEP-74,alexandru.alexandra@gmail.com,7.5,f
719,0,403UB5,Stingaciu,Adina Antonia,1,B1,28-SEP-74,stingaciu.adina@gmail.com,6.13,f
720,0,397LF3,Maftei,Sanziana Xena,1,A6,06-JUL-74,maftei.sanziana@info.ro,7.13,f
721,0,112JL3,Goldan,Camelia Eleonora,2,A6,27-MAR-74,goldan.camelia@info.ro,6.19,f
722,0,206EY4,Gavrilovici,Ion,1,B6,08-SEP-74,gavrilovici.ion@gmail.com,6.38,f
723,0,166OE5,Chicos,Razvan Laurentiu,1,B5,25-JUL-74,chicos.razvan@gmail.com,8.25,f
724,0,739SQ8,Mihai,Nicu,2,B2,13-SEP-74,mihai.nicu@gmail.com,7.19,f
725,0,242XK1,Milut,Dumitru Romanescu,2,A2,17-MAR-74,milut.dumitru@info.ro,6.13,f
726,0,604MJ6,Chelaru,Filip Paul,1,A5,20-OCT-74,chelaru.filip@info.ro,6.88,f
727,0,190GL8,Vasiliu,Lucian Gheorghe,1,A1,11-OCT-74,vasiliu.lucian@info.ro,7.25,f
728,0,405XV0,Frumosu,Costel Emil,1,B1,28-FEB-74,frumosu.costel@info.ro,7.25,f
729,0,410LR5,Stiufliuc,Oana Vasilica,2,B3,21-FEB-74,stiufliuc.oana@gmail.com,6.75,f
730,0,169UP7,Sofian,Simina Ileana,1,B4,24-FEB-74,sofian.simina@gmail.com,7.25,f
731,0,633GF4,Caraiman,Bianca Theodora,1,A6,14-NOV-74,caraiman.bianca@gmail.com,6.5,f
732,0,459DN6,Corciu,Emil Victor,3,B5,18-JUN-74,corciu.emil@info.ro,6,f
733,0,845AW3,Mazareanu,Adrian Sabin,3,B4,29-MAR-74,mazareanu.adrian@gmail.com,6.79,f
734,0,865BQ6,Lungeanu,Daria Claudia,1,B2,21-MAY-74,lungeanu.daria@info.ro,6.13,f
735,0,652SU6,Damoc,Sabin,3,A4,20-SEP-74,damoc.sabin@info.ro,5.92,f
736,0,997QM0,Matrana,Liviu,2,B4,16-OCT-74,matrana.liviu@info.ro,6.94,f
737,0,784EM0,Ghibirdic,Monica Bianca,3,A2,02-FEB-74,ghibirdic.monica@info.ro,6.25,f
738,0,944HP7,Dragomir,Dragos Denise,3,B4,16-OCT-74,dragomir.dragos@info.ro,6.42,f
739,0,488IB1,Dochitei,Anda Ilona,2,B1,22-NOV-74,dochitei.anda@gmail.com,6.56,f
740,0,744NP3,Podaru,Antonia,2,A1,23-JUL-74,podaru.antonia@gmail.com,7.44,f
741,0,455PE1,Ghergu,Laura Andra,3,B2,07-JAN-74,ghergu.laura@info.ro,6.88,f
742,0,423FX3,Agape,Laura Alina,1,B2,28-SEP-74,agape.laura@info.ro,7.25,f
743,0,100MJ0,Luca,Irinel,1,B6,08-OCT-74,luca.irinel@info.ro,8.25,f
744,0,233KM3,Negrutu,Nicolae,2,A3,24-MAR-74,negrutu.nicolae@gmail.com,8.19,f
745,0,544FW3,Ursachi,Stefania,1,A5,03-JUN-74,ursachi.stefania@info.ro,8.13,f
746,0,628JN1,Andrei,Florian Andrei,1,A2,18-AUG-74,andrei.florian@info.ro,5.88,f
747,0,513JP5,Cazamir,Ilona,1,B5,09-JUL-74,cazamir.ilona@gmail.com,6.5,f
748,0,587AF6,Ventaniuc,Eleonora Sanziana,2,B2,04-SEP-74,ventaniuc.eleonora@gmail.com,6.94,f
749,0,208FW0,Dochitoiu,Delia Simona,2,A4,25-JUN-74,dochitoiu.delia@info.ro,7.44,f
750,0,655TA7,Moniry-abyaneh,Tamara,2,B3,08-FEB-74,moniry-abyaneh.tamara@info.ro,7.31,f
751,0,771WR3,Scurtu,Alex,1,A4,16-JAN-74,scurtu.alex@gmail.com,8.25,f
752,0,839WS1,Negrus,Nicu,3,B5,16-FEB-74,negrus.nicu@info.ro,6.29,f
753,0,442ZD8,Arteni,Alin Ervin,3,B3,01-NOV-74,arteni.alin@info.ro,5.92,f
754,0,293NZ2,Stoica,Fabian Darius,1,B1,05-JUL-74,stoica.fabian@info.ro,7.63,f
755,0,563KZ1,Lucaci,Vlad,1,A3,26-JUL-74,lucaci.vlad@info.ro,6.25,f
756,0,594XC0,Ichim,Filip Liviu,3,A2,09-JUL-74,ichim.filip@gmail.com,6.5,f
757,0,959ZV7,Luca,Vasile Silviu,1,A5,15-FEB-74,luca.vasile@info.ro,8.13,f
758,0,596MQ8,Agafitei,Nicu,2,B2,20-SEP-74,agafitei.nicu@gmail.com,6.63,f
759,0,908BO4,Miron,Alin Beniamin,1,B4,13-JUL-74,miron.alin@info.ro,6.5,f
760,0,123PK1,Pojar,Sanziana,1,A5,06-JAN-74,pojar.sanziana@gmail.com,7.25,f
761,0,464QL6,Vrabie,Emil Stefan,2,A4,11-DEC-74,vrabie.emil@gmail.com,6.5,f
762,0,611FT1,Ciobanu,Monica Sabina,1,B4,26-MAR-74,ciobanu.monica@gmail.com,6.75,f
763,0,863YY8,Catonoiu,Bianca Raluca,2,A3,23-OCT-74,catonoiu.bianca@info.ro,6.94,f
764,0,277GJ6,Dragomirescu,Mihail Teofil,2,A4,01-AUG-74,dragomirescu.mihail@gmail.com,7.56,f
765,0,561JC7,Olanuta,Ilie Samuel,1,B3,09-MAR-74,olanuta.ilie@info.ro,7.75,f
766,0,960UZ5,Cojocaru,Iulian Robert,1,B2,02-OCT-74,cojocaru.iulian@info.ro,8.25,f
767,0,334ZS8,Calancea,Petrut George,2,B3,02-FEB-74,calancea.petrut@gmail.com,6.63,f
768,0,308MS4,Budaca,Vasile Dumitru,3,B6,09-JUL-74,budaca.vasile@info.ro,6.54,f
769,0,904WV2,Maties,Rares Marian,3,B1,06-DEC-74,maties.rares@gmail.com,6.21,f
770,0,526IC3,Lungu,Petruta Gabriela,1,A5,01-APR-74,lungu.petruta@gmail.com,7.88,f
771,0,331DA2,Motrescu,Eleonora,1,A6,05-SEP-74,motrescu.eleonora@info.ro,6.88,f
772,0,680JP5,Alexe,Andreea Camelia,1,B6,10-OCT-74,alexe.andreea@gmail.com,6.63,f
773,0,443KJ8,Bizu,Vlad Marian,3,B4,04-NOV-74,bizu.vlad@info.ro,6.63,f
774,0,366IO7,Boistean,Iulia Ioana,3,B6,27-JUL-74,boistean.iulia@gmail.com,7.33,f
775,0,398JU0,Mutescu,Iolanda,2,B2,13-DEC-74,mutescu.iolanda@gmail.com,7.06,f
776,0,127ET2,Hociung,Valentin,1,B2,01-NOV-74,hociung.valentin@info.ro,6,f
777,0,580ZD5,Plugariu,Madalina Ileana,3,B1,11-APR-74,plugariu.madalina@gmail.com,6.54,f
778,0,489XK3,Crucerescu,Andrei Robert,3,B2,27-FEB-74,crucerescu.andrei@info.ro,6.21,f
779,0,918TS0,Vasiliu,Stefana Maria,2,A2,03-DEC-74,vasiliu.stefana@gmail.com,7.06,f
780,0,774UF8,Harpa,Fabian,2,A6,03-APR-74,harpa.fabian@gmail.com,7.44,f
781,0,158OZ2,Tudosa,Iolanda,3,A2,20-DEC-74,tudosa.iolanda@gmail.com,5.67,f
782,0,263PY7,Chelmus,Theodor,3,B6,29-MAY-74,chelmus.theodor@gmail.com,6.33,f
783,0,129EN8,Timofte,Dumitru,2,A5,01-DEC-74,timofte.dumitru@info.ro,7.19,f
784,0,998BY1,Bejenaru,Aurelian Teodor,1,B5,11-FEB-74,bejenaru.aurelian@gmail.com,7.25,f
785,0,395AM2,Ciobanu,Madalina,3,A4,24-NOV-74,ciobanu.madalina@gmail.com,6.13,f
786,0,914PI3,Olaru,Tudor Samuel,3,B1,29-DEC-74,olaru.tudor@gmail.com,6.92,f
787,0,710AY3,Filimon,Laurentiu Denise,2,B2,22-APR-74,filimon.laurentiu@info.ro,7.31,f
788,0,934IS4,Butacu,Camil,2,A2,22-SEP-74,butacu.camil@info.ro,6.69,f
789,0,777GU7,Macariu,Ileana Sanziana,2,A5,16-APR-74,macariu.ileana@gmail.com,6.81,f
790,0,345BY6,Riza,Vladimir,3,A2,30-JUL-74,riza.vladimir@gmail.com,6.58,f
791,0,169TR6,Tabusca,Simona,3,A1,22-FEB-74,tabusca.simona@gmail.com,6.54,f
792,0,708SJ3,Leon,Cristina,3,B1,06-DEC-74,leon.cristina@gmail.com,6.63,f
793,0,107MO3,Chelmu,Diana Larisa,3,A6,27-MAY-74,chelmu.diana@gmail.com,6.08,f
794,0,869XJ8,Chilaboc,Vasilica Madalina,3,B6,25-AUG-74,chilaboc.vasilica@gmail.com,6.04,f
795,0,119VR8,Trifan,Ana Ema,1,A2,23-MAR-74,trifan.ana@info.ro,7.25,f
796,0,977XH2,Tifrea,Ervin,3,A2,08-MAY-74,tifrea.ervin@info.ro,6.38,f
797,0,492IG7,Tirpescu,Iolanda,1,B2,09-JAN-74,tirpescu.iolanda@gmail.com,6.75,f
798,0,771ZY8,Negrutu,Laura Anda,3,B2,28-DEC-74,negrutu.laura@info.ro,5.92,f
799,0,914RB4,Nechita,Constantin Giulio,2,A2,27-MAY-74,nechita.constantin@info.ro,6.63,f
800,0,565YO2,Apetrei,Lucian Teofil,2,B3,03-JAN-74,apetrei.lucian@info.ro,6.94,f
801,0,667EO0,Ciobanu,Alex,2,A3,09-SEP-74,ciobanu.alex@info.ro,6.88,f
802,0,830DO0,Moscu,Irina,1,A4,18-JAN-74,moscu.irina@info.ro,6.13,f
803,0,913TY0,Suhani,Ileana,2,B6,15-SEP-74,suhani.ileana@gmail.com,6.88,f
804,0,301QE1,Marcu,Silviu Constantin,1,A3,23-NOV-74,marcu.silviu@info.ro,7.63,f
805,0,113UL6,Nemtoc,Antonia,2,A4,05-MAR-74,nemtoc.antonia@info.ro,6.75,f
806,0,756FI8,Gurau,Petrut Vadim,3,B4,27-MAY-74,gurau.petrut@gmail.com,6.54,f
807,0,909GG2,Miron,Victor Liviu,2,B5,24-NOV-74,miron.victor@gmail.com,6.88,f
808,0,896KR4,Cozmiuc,Alin,3,B4,22-NOV-74,cozmiuc.alin@gmail.com,6.17,f
809,0,763YZ3,Simion,Theodora,1,A2,11-AUG-74,simion.theodora@gmail.com,7.25,f
810,0,438MW0,Barzu,Andrei Valentin,3,B2,18-DEC-74,barzu.andrei@gmail.com,6.58,f
811,0,633OQ7,Varteniuc,Iolanda Claudia,3,A5,14-SEP-74,varteniuc.iolanda@gmail.com,6.46,f
812,0,803YW6,Voaides,Costel,1,B6,01-JAN-74,voaides.costel@info.ro,7.63,f
813,0,303VC2,Prisecaru,Camil Victor,3,B6,23-MAR-74,prisecaru.camil@info.ro,6.75,f
814,0,508AM7,Robu,Elisa Daniela,3,A4,06-JUN-74,robu.elisa@gmail.com,6.79,f
815,0,914BD7,Lates,Irina,1,A1,03-OCT-74,lates.irina@gmail.com,7.13,f
816,0,537TP0,Bulai,Monica Diana,3,A6,16-MAY-74,bulai.monica@gmail.com,6.63,f
817,0,417PM3,Prisecaru,Mihail,3,A4,18-AUG-74,prisecaru.mihail@gmail.com,6.46,f
818,0,714PH8,Bivol,Ionel,2,B1,26-MAY-74,bivol.ionel@gmail.com,6.75,f
819,0,414LE2,Chicos,Theodora Ana,3,B6,16-NOV-74,chicos.theodora@info.ro,6.13,f
820,0,197NY5,Pantiruc,Iosif Irinel,1,A5,29-AUG-74,pantiruc.iosif@gmail.com,7.38,f
821,0,584ZA7,Simon,Vadim,2,B6,02-OCT-74,simon.vadim@info.ro,7.13,f
822,0,792GH3,Lupu,Andreia Gabriela,1,B5,07-NOV-74,lupu.andreia@info.ro,6.25,f
823,0,814KK7,Musca,Xena Antonia,3,A5,30-NOV-74,musca.xena@info.ro,6,f
824,0,518LA8,Oprea,Denisa,3,A5,02-SEP-74,oprea.denisa@gmail.com,7.04,f
825,0,225MG4,Rosca,Adrian,3,B1,18-DEC-74,rosca.adrian@gmail.com,7.13,f
826,0,894RJ2,Morosanu,Eduard Dimitrie,2,B1,06-SEP-74,morosanu.eduard@gmail.com,7.44,f
827,0,709ZF3,Cazacu,Sabin Petrut,3,B4,13-JAN-74,cazacu.sabin@info.ro,7.17,f
828,0,165PZ0,Daneliuc,Tamara,2,A3,09-MAR-74,daneliuc.tamara@gmail.com,6.44,f
829,0,974SO1,Chelaru,Robert Ervin,3,A4,06-OCT-74,chelaru.robert@gmail.com,6.58,f
830,0,879FC5,Stiufliuc,Manuela Codrina,1,B5,20-NOV-74,stiufliuc.manuela@gmail.com,6.75,f
831,0,325QF5,Boca,Simona Andreia,1,A5,23-AUG-74,boca.simona@info.ro,6.88,f
832,0,254JJ2,Capusneanu,Vasilica,1,A3,31-AUG-74,capusneanu.vasilica@gmail.com,7.38,f
833,0,713VP8,Corciu,Petrut,3,A1,23-SEP-74,corciu.petrut@info.ro,6.63,f
834,0,658VR2,Mihai,Iulia,2,A3,03-AUG-74,mihai.iulia@info.ro,7.5,f
835,0,920NI2,Patras,Alin Eduard,3,B4,23-JUL-74,patras.alin@info.ro,6.08,f
836,0,176HI6,Vinatoru,Sebastian Radu,3,A1,16-JUN-74,vinatoru.sebastian@info.ro,6.96,f
837,0,960AB8,Macariu,Xena Adina,2,A1,28-DEC-74,macariu.xena@gmail.com,7.69,f
838,0,532KX1,Mutescu,Andreas,2,B1,31-JUL-74,mutescu.andreas@gmail.com,6.56,f
839,0,777ZG5,Anita,Petrut,3,A1,24-MAY-74,anita.petrut@gmail.com,6.79,f
840,0,117QU3,Corduneanu,Vladut Rolland,1,A5,27-JAN-74,corduneanu.vladut@info.ro,7,f
841,0,306UK8,Mihai,Andreia,1,A3,08-SEP-74,mihai.andreia@info.ro,6.75,f
842,0,439SU8,Cazamir,Teodora Andra,2,A2,07-MAY-74,cazamir.teodora@gmail.com,6.81,f
843,0,432ZW4,Buza,Alin Dimitrie,2,A3,03-DEC-74,buza.alin@gmail.com,7.25,f
844,0,867XO7,Borcan,Laura Claudia,2,A6,14-MAY-74,borcan.laura@info.ro,6.75,f
845,0,766FE1,Dragomirescu,Ana,2,A2,30-NOV-74,dragomirescu.ana@info.ro,6.63,f
846,0,247MX2,Damian,Xena Paula,3,A6,04-JUN-74,damian.xena@gmail.com,6.25,f
847,0,304LC4,Dobos,Larisa,2,B6,22-JUL-74,dobos.larisa@gmail.com,7,f
848,0,731WQ5,Marton,Ion Corneliu,3,A3,01-MAR-74,marton.ion@gmail.com,6.75,f
849,0,180IU7,Iordache,Anca Daniela,2,B6,18-APR-74,iordache.anca@info.ro,6.81,f
850,0,334NH6,Olaru,Ana Bianca,3,A5,19-JUL-74,olaru.ana@gmail.com,6.79,f
851,0,224DH3,Popovici,Rolland,1,A3,02-JAN-74,popovici.rolland@info.ro,6.5,f
852,0,558QC3,Giurgila,Cezar Mihail,1,A2,19-MAY-74,giurgila.cezar@info.ro,8,f
853,0,620BZ5,Ichim,Eleonora Loredana,1,B5,31-JUL-74,ichim.eleonora@gmail.com,6.38,f
854,0,191HT5,Silitra,Sebastian Silviu,3,B1,23-JUL-74,silitra.sebastian@gmail.com,6.17,f
855,0,636BL8,Timofte,Florian,1,A2,13-MAR-74,timofte.florian@info.ro,7.88,f
856,0,992KE1,Savescu,Alina,2,A6,30-SEP-74,savescu.alina@info.ro,6.44,f
857,0,502IQ0,Stiufliuc,Marius,1,A3,15-SEP-74,stiufliuc.marius@info.ro,7.5,f
858,0,840ZN6,Poenariu,Codrina Maria,2,A6,04-FEB-74,poenariu.codrina@gmail.com,7.19,f
859,0,336UE7,Iordache-tiroiu,Florian Marian,3,A3,09-JUN-74,iordache-tiroiu.florian@info.ro,6.54,f
860,0,477UJ2,Plugariu,Denisa Elena,2,A2,19-MAY-74,plugariu.denisa@info.ro,8,f
861,0,245RY7,Stingaciu,Iustin,2,A2,26-FEB-74,stingaciu.iustin@info.ro,6.88,f
862,0,533JF4,Ilie,Octavian,3,A4,26-AUG-74,ilie.octavian@info.ro,6.25,f
863,0,429OI5,Filibiu,Alina Loredana,2,A2,17-APR-74,filibiu.alina@gmail.com,7.56,f
864,0,615IO8,Ungureanu,Cezar,3,A1,25-OCT-74,ungureanu.cezar@info.ro,6.67,f
865,0,367XA0,Stavarache,Laurentiu Dumitru,1,B6,30-APR-74,stavarache.laurentiu@gmail.com,7.75,f
866,0,176CM2,Mazilu,Sabin Fabian,1,A6,30-MAY-74,mazilu.sabin@gmail.com,6.88,f
867,0,384GG2,Chelmu,Eusebiu,3,B2,25-MAR-74,chelmu.eusebiu@info.ro,6.46,f
868,0,824VE7,Cimpoesu,Constantin Romanescu,2,B2,09-JUN-74,cimpoesu.constantin@gmail.com,6.81,f
869,0,821VX1,Ivascu,Dan Ervin,2,A3,06-JUN-74,ivascu.dan@gmail.com,6.94,f
870,0,324TG4,Perju,Tamara Daria,1,A1,24-SEP-74,perju.tamara@info.ro,5.38,f
871,0,506WU1,Mihalcea,Romanescu,3,B5,23-DEC-74,mihalcea.romanescu@info.ro,6.63,f
872,0,816NP6,Corciu,Matei,3,B5,10-MAR-74,corciu.matei@info.ro,6.58,f
873,0,976UA2,Luncasu,Maria Teodora,2,B1,07-OCT-74,luncasu.maria@gmail.com,6.63,f
874,0,118VI3,Vasilache,Raluca,2,B3,12-JUN-74,vasilache.raluca@gmail.com,6.31,f
875,0,200SH0,Filip,Daria,3,B2,03-JUN-74,filip.daria@gmail.com,7,f
876,0,434WC4,Tesu,Laura,1,B6,25-DEC-74,tesu.laura@gmail.com,6.88,f
877,0,218JB1,Carbune,Ilona Gabriela,3,B1,28-MAR-74,carbune.ilona@gmail.com,6.42,f
878,0,737MN5,Petcu,Victor Vadim,2,A2,06-JUN-74,petcu.victor@gmail.com,6.5,f
879,0,796TN0,Popa,Gabriela,2,A4,11-AUG-74,popa.gabriela@gmail.com,7.5,f
880,0,774CN6,Scurtu,Cristina Stefania,3,B5,04-DEC-74,scurtu.cristina@gmail.com,6,f
881,0,794NA0,Bilan,Laurentiu Eusebiu,3,A3,13-MAR-74,bilan.laurentiu@gmail.com,5.92,f
882,0,732QN5,Scortanu,Vasilica Stefana,2,A2,01-SEP-74,scortanu.vasilica@info.ro,7.69,f
883,0,721IG5,Ababei,Alex,2,B4,21-MAY-74,ababei.alex@info.ro,7.5,f
884,0,246LZ3,Asaftei,Teofil,3,B5,24-JUL-74,asaftei.teofil@info.ro,6.08,f
885,0,983DU3,Gitlan,Teodor Alexandru,3,A6,02-AUG-74,gitlan.teodor@info.ro,7.08,f
886,0,108MQ5,Dragoman,Gabriel Ion,1,B3,28-JUN-74,dragoman.gabriel@gmail.com,7.63,f
887,0,111OV1,Luncasu,Razvan Ion,1,A1,15-MAR-74,luncasu.razvan@gmail.com,6,f
888,0,730UI1,Sparhat,Ovidiu Sergiu,2,B3,29-OCT-74,sparhat.ovidiu@info.ro,7.19,f
889,0,587AC3,Damian,Ionut Costel,3,A5,24-MAY-74,damian.ionut@gmail.com,6.63,f
890,0,265EP7,Darie,Gabriela,2,A2,05-NOV-74,darie.gabriela@gmail.com,7.56,f
891,0,488QX2,Strimtu,Irinel Ovidiu,3,B2,14-MAY-74,strimtu.irinel@info.ro,6.33,f
892,0,490ON3,Amarghioalei,Malina,3,B5,24-APR-74,amarghioalei.malina@gmail.com,6.13,f
893,0,749DD2,Pascaru,Valeriu Vlad,2,A1,12-OCT-74,pascaru.valeriu@gmail.com,6.81,f
894,0,966RR3,Tincu,Mihaela Ilona,2,B5,20-JUN-74,tincu.mihaela@info.ro,7.25,f
895,0,387ZO4,Olaru,Petruta,1,B2,02-MAY-74,olaru.petruta@info.ro,6.63,f
896,0,104TL8,Pascaru,Manuela Andreia,2,A4,20-APR-74,pascaru.manuela@gmail.com,7.38,f
897,0,789KR3,Daneliuc,Ionel,3,A4,28-MAY-74,daneliuc.ionel@gmail.com,6.25,f
898,0,915OI6,Andonesei,Samuel Ovidiu,1,B1,13-APR-74,andonesei.samuel@gmail.com,7.88,f
899,0,991AO3,Amarghioalei,Georgiana Teodora,2,A3,17-MAY-74,amarghioalei.georgiana@info.ro,7.56,f
900,0,433YW1,Barbieru,Camil Ervin,1,A5,04-OCT-74,barbieru.camil@info.ro,6.5,f
901,0,443MQ8,Pintilie,Andreas,2,B5,16-MAR-74,pintilie.andreas@gmail.com,6.56,f
902,0,261JI1,Pintilie,Vladimir,2,A3,19-SEP-74,pintilie.vladimir@info.ro,6.63,f
903,0,857WA0,Toma,Eusebiu,3,B2,23-AUG-74,toma.eusebiu@info.ro,6.33,f
904,0,146WE0,Rusu,Ionut Corneliu,1,A1,17-JUN-74,rusu.ionut@info.ro,7,f
905,0,417QD1,Cosnita,Ema,2,B2,08-SEP-74,cosnita.ema@gmail.com,6.94,f
906,0,369OA7,Onu,Alexandra,3,A1,02-JAN-74,onu.alexandra@gmail.com,7.13,f
907,0,663OM7,Filibiu,Emma Ema,3,A5,30-JUL-74,filibiu.emma@gmail.com,6.17,f
908,0,539KG4,Barbieru,Catalin Filip,2,B6,31-DEC-74,barbieru.catalin@gmail.com,7,f
909,0,258CL4,Minuti,Mihail,1,A1,10-AUG-74,minuti.mihail@gmail.com,6.75,f
910,0,780UJ7,Arteni,Damian Sergiu,3,B4,27-JUN-74,arteni.damian@gmail.com,7.08,f
911,0,915LA7,Filip,Stefana Mirela,2,A2,29-DEC-74,filip.stefana@gmail.com,7.88,f
912,0,183JU5,Moisa,Cristina,2,B4,26-NOV-74,moisa.cristina@info.ro,8.06,f
913,0,264YI5,Bulai,Marian Constantin,1,A1,12-APR-74,bulai.marian@gmail.com,6.75,f
914,0,582SO2,Simon,Malina,3,B6,09-APR-74,simon.malina@info.ro,6.58,f
915,0,546KJ3,Macoveschi,Silviu George,1,A6,26-MAR-74,macoveschi.silviu@gmail.com,7.38,f
916,0,506YV6,Cumpata,Eusebiu Beniamin,2,B3,05-JUL-74,cumpata.eusebiu@info.ro,6.56,f
917,0,672LP1,Iordan,Valentin,2,A5,25-NOV-74,iordan.valentin@info.ro,6.63,f
918,0,573LN3,Jecu,Iosif Dimitrie,2,B1,23-JUL-74,jecu.iosif@info.ro,7.25,f
919,0,947OP7,Cosnita,Codrina,2,B1,15-JUL-74,cosnita.codrina@gmail.com,7.25,f
920,0,187AP0,Ciofu,Raluca,1,B3,14-SEP-74,ciofu.raluca@info.ro,7,f
921,0,558PX6,Eusebiu,Daniela Manuela,2,A1,01-SEP-74,eusebiu.daniela@info.ro,6.44,f
922,0,240XQ3,Ciobotaru,Paul Cristian,2,B3,23-JAN-74,ciobotaru.paul@gmail.com,5.88,f
923,0,591RV3,Minuti,Razvan,2,B1,16-SEP-74,minuti.razvan@gmail.com,7.5,f
924,0,616NK2,Voaides,Vladut Constantin,1,A5,30-DEC-74,voaides.vladut@gmail.com,6.25,f
925,0,255PJ4,Sandulache,Manuela,2,B5,05-MAY-74,sandulache.manuela@info.ro,7.13,f
926,0,936ZV4,Gitlan,Damian,2,B5,05-DEC-74,gitlan.damian@info.ro,7.06,f
927,0,710IT0,Mihai,Anca,3,A4,14-DEC-74,mihai.anca@gmail.com,6.67,f
928,0,855NM0,Leon,Sebastian,2,B5,20-MAR-74,leon.sebastian@info.ro,6.94,f
929,0,169UE1,Manolache,Manuela Ema,2,A5,12-APR-74,manolache.manuela@info.ro,6.69,f
930,0,590QD8,Ostafe,Diana Madalina,1,B6,16-APR-74,ostafe.diana@info.ro,6.88,f
931,0,296QC1,Stolniceanu,Mihaela Xena,2,A4,14-MAR-74,stolniceanu.mihaela@info.ro,7.88,f
932,0,281IP3,Milut,Madalina Elisa,3,B6,04-NOV-74,milut.madalina@gmail.com,7.08,f
933,0,227BD3,Ambroci,Iosif Vadim,2,B5,06-OCT-74,ambroci.iosif@info.ro,7.31,f
934,0,945SR6,Daneliuc,Aurelian,3,A4,21-SEP-74,daneliuc.aurelian@gmail.com,5.88,f
935,0,501QT7,Corneanu,George Teofil,2,B4,05-MAY-74,corneanu.george@gmail.com,7.31,f
936,0,848DP5,Maties,Cezar,3,B6,05-JUL-74,maties.cezar@info.ro,6.38,f
937,0,187HG3,Bilan,Ionut Petrut,2,A1,11-APR-74,bilan.ionut@info.ro,6.94,f
938,0,267AS7,Negruser,Iaroslav Costel,1,B3,04-FEB-74,negruser.iaroslav@gmail.com,5.5,f
939,0,839WG8,Hociung,Sabin,2,B1,20-MAR-74,hociung.sabin@info.ro,6.69,f
940,0,113IY7,Maties,Xena,2,A5,29-MAY-74,maties.xena@gmail.com,6.69,f
941,0,274AJ5,Andrei,Beniamin Liviu,3,A1,24-APR-74,andrei.beniamin@info.ro,6.17,f
942,0,802HH8,Bodnar,Andreas Iaroslav,1,B1,20-AUG-74,bodnar.andreas@info.ro,8,f
943,0,475VP4,Rosca,Roland Camil,2,A1,27-DEC-74,rosca.roland@gmail.com,6.88,f
944,0,466PL6,Iancu,Nicusor Giulio,1,A4,12-DEC-74,iancu.nicusor@info.ro,7.13,f
945,0,872OM8,Unghianu,Emil,1,B4,15-AUG-74,unghianu.emil@gmail.com,7.5,f
946,0,933MY0,Anita,Catalin,2,A2,29-MAR-74,anita.catalin@gmail.com,6.5,f
947,0,946XS4,Cojocariu,Gabriel,1,B4,27-JUL-74,cojocariu.gabriel@info.ro,6.25,f
948,0,137LP7,Mihaila,Costel,3,A6,17-SEP-74,mihaila.costel@gmail.com,6.92,f
949,0,721PA2,Citea,Denise Emil,2,B2,05-FEB-74,citea.denise@info.ro,5.88,f
950,0,869GD1,Cobuz,Alina,2,A5,01-MAR-74,cobuz.alina@gmail.com,7.06,f
951,0,635AI7,Palihovici,Matei,2,A6,29-JAN-74,palihovici.matei@info.ro,7.13,f
952,0,546XN8,Herdes,Maria,2,B3,30-JUL-74,herdes.maria@gmail.com,6.81,f
953,0,886XQ3,Rosca,Oana,2,B2,19-APR-74,rosca.oana@gmail.com,8.25,f
954,0,284DP4,Catonoiu,Nicu Giani,2,B2,30-MAR-74,catonoiu.nicu@info.ro,6.94,f
955,0,699JM2,Bizu,Vladimir,1,A6,24-JUL-74,bizu.vladimir@gmail.com,6.75,f
956,0,478JR3,Sleghel,Iuliana Theodora,1,A3,29-SEP-74,sleghel.iuliana@info.ro,6.75,f
957,0,287DO3,Lupascu,Marian Dimitrie,3,B4,05-FEB-74,lupascu.marian@gmail.com,5.88,f
958,0,796RD8,Unghianu,Bogdan Dragos,1,A6,31-MAY-74,unghianu.bogdan@info.ro,7.13,f
959,0,697EC0,Marton,Corneliu Sebastian,1,A2,21-APR-74,marton.corneliu@gmail.com,7.13,f
960,0,895WS8,Juravle,Loredana,1,A2,20-OCT-74,juravle.loredana@gmail.com,6.13,f
961,0,498GR6,Andronic,Mirela Alexandra,2,B1,10-JUN-74,andronic.mirela@info.ro,6.94,f
962,0,863OK4,Bejan,Cristina Ema,1,A4,28-OCT-74,bejan.cristina@gmail.com,7,f
963,0,948IC3,Pantiru,Samuel Ervin,1,B1,01-AUG-74,pantiru.samuel@gmail.com,4.63,f
964,0,728GM0,Arhire,Costel Teofil,2,B6,16-JUL-74,arhire.costel@info.ro,6.94,f
965,0,120RA5,Opariuc,Laura Codrina,2,B6,25-AUG-74,opariuc.laura@gmail.com,6.38,f
966,0,127WB5,Melniciuc-puica,Iosif,1,A2,09-APR-74,melniciuc-puica.iosif@info.ro,7,f
967,0,891CM2,Baciu,Laura,2,B4,07-JAN-74,baciu.laura@info.ro,6.5,f
968,0,712BT5,Simion,Alex Andreas,2,B4,01-FEB-74,simion.alex@info.ro,7.25,f
969,0,708VP1,Patachi,Filip,1,B5,21-SEP-74,patachi.filip@info.ro,8.13,f
970,0,114IR1,Mazur,Iolanda,1,A6,27-OCT-74,mazur.iolanda@gmail.com,8.25,f
971,0,665WJ6,Mihaela,Ionut Darius,2,B3,17-MAR-74,mihaela.ionut@info.ro,6.88,f
972,0,476PI6,Andros,Alex Radu,2,A6,12-MAY-74,andros.alex@info.ro,7.5,f
973,0,385VL6,Galatanu,Camil Eusebiu,2,B6,02-MAR-74,galatanu.camil@info.ro,7.06,f
974,0,161FV4,Tanasa,Simona Madalina,1,A4,07-OCT-74,tanasa.simona@info.ro,6.5,f
975,0,500IW3,Bilan,Giani,3,A4,07-OCT-74,bilan.giani@info.ro,6.79,f
976,0,408XJ1,Milut,Paula,1,A5,05-DEC-74,milut.paula@gmail.com,7,f
977,0,332IN0,Savescu,Dorin Dan,1,B4,12-DEC-74,savescu.dorin@info.ro,7,f
978,0,280WM1,Manolache,Dorin Daniel,1,A4,22-FEB-74,manolache.dorin@info.ro,6.38,f
979,0,339OZ1,Neghina,Daria,1,A2,29-JUN-74,neghina.daria@info.ro,6.38,f
980,0,394PN1,Andrei,Elisa Andreea,3,B4,03-JAN-74,andrei.elisa@info.ro,5.83,f
981,0,835LP2,Scortanu,Iuliana Cristina,1,A6,24-FEB-74,scortanu.iuliana@info.ro,7,f
982,0,694EH4,Boistean,Loredana Vasilica,2,B3,10-JUN-74,boistean.loredana@info.ro,7.56,f
983,0,661AX0,Sitaru,Diana Ioana,1,A4,16-JUN-74,sitaru.diana@info.ro,7.5,f
984,0,419HB2,Chelaru,Samuel,1,A2,22-FEB-74,chelaru.samuel@info.ro,6.5,f
985,0,735OJ0,Puiu,Oana,1,A1,11-MAY-74,puiu.oana@gmail.com,7.5,f
986,0,531GB4,Dodan,Iuliana Paula,1,B2,08-AUG-74,dodan.iuliana@info.ro,7,f
987,0,913IC1,Dochitei,Romanescu Petrut,2,B3,20-JUL-74,dochitei.romanescu@info.ro,6.94,f
988,0,428GC1,Romanescu,Eugen Andrei,1,B5,08-AUG-74,romanescu.eugen@gmail.com,7.13,f
989,0,470SE7,Simion,Ilona,1,A2,12-NOV-74,simion.ilona@info.ro,8,f
990,0,992ZX6,Baetu,Vladut,2,B3,08-SEP-74,baetu.vladut@info.ro,7.13,f
991,0,289YP8,Chelmus,Alexandra,2,A1,11-NOV-74,chelmus.alexandra@gmail.com,7.06,f
992,0,463PI1,Daneliuc,Stefania Sanziana,1,A4,02-OCT-74,daneliuc.stefania@info.ro,7.13,f
993,0,515OL1,Bradea,Damian Darius,2,A5,09-OCT-74,bradea.damian@gmail.com,6.88,f
994,0,365UN1,Ursache,Daria,2,A5,08-MAY-74,ursache.daria@info.ro,6.94,f
995,0,553KH6,Iordache,Madalina Maria,3,A4,25-NOV-74,iordache.madalina@gmail.com,6.33,f
996,0,347BO3,Popovici,Andreia Denisa,1,A4,23-OCT-74,popovici.andreia@gmail.com,7.38,f
997,0,585GC7,Turcu,Camil,3,A4,25-FEB-74,turcu.camil@gmail.com,6.17,f
998,0,920ND1,Mihalcea,Nicu Damian,1,B5,23-SEP-74,mihalcea.nicu@gmail.com,7.38,f
999,0,398BO7,Corneanu,Alin Sergiu,2,A5,14-MAR-74,corneanu.alin@info.ro,7.81,f
1000,0,113HJ0,Ursache,Bianca Teodora,1,A6,14-FEB-74,ursache.bianca@info.ro,5.88,f
1001,0,587NR6,Mazareanu,Bianca,1,B5,29-JAN-74,mazareanu.bianca@info.ro,6.38,f
1002,0,774YQ5,Ursache,Stefania Denisa,1,A6,04-DEC-74,ursache.stefania@info.ro,7,f
1003,0,862DK1,Onu,Bogdan,1,A5,28-AUG-74,onu.bogdan@info.ro,6.5,f
1004,0,640NB0,Chmilevski,Adina Andra,2,B3,01-JUN-74,chmilevski.adina@gmail.com,6.69,f
1005,0,363DO3,Chmilevski,Razvan Ion,1,A5,14-SEP-74,chmilevski.razvan@info.ro,7,f
1006,0,852TE2,Barzu,Richard Samuel,1,A5,30-SEP-74,barzu.richard@info.ro,7.13,f
1007,0,476WI8,Melniciuc-puica,Teofil,1,B3,28-MAY-74,melniciuc-puica.teofil@gmail.com,8,f
1008,0,543BH8,Andrian,Fabian Iulian,3,A1,20-FEB-74,andrian.fabian@gmail.com,6.67,f
1009,0,117MI5,Catonoiu,Florian,1,A5,01-MAR-74,catonoiu.florian@info.ro,7,f
1010,0,733JH2,Perju,Delia Ilona,2,B4,15-JUN-74,perju.delia@gmail.com,7.56,f
1011,0,318NI0,Giosanu,Samuel Vladimir,1,A1,14-APR-74,giosanu.samuel@info.ro,6.38,f
1012,0,469LM0,Chirila,Damian Eusebiu,1,A3,01-OCT-74,chirila.damian@gmail.com,8.63,f
1013,0,536QM7,Alexandru,Vasilica Denisa,2,B1,21-SEP-74,alexandru.vasilica@info.ro,7.06,f
1014,0,951NW0,Tuduri,Cezar,3,A5,12-FEB-74,tuduri.cezar@gmail.com,6.42,f
1015,0,495PA6,Cosnita,Sergiu Claudiu,2,B1,04-MAR-74,cosnita.sergiu@gmail.com,7.13,f
1016,0,373KC5,Ababei,Daria,1,B3,07-JAN-74,ababei.daria@gmail.com,7.75,f
1017,0,146PJ6,Lungu,Denise,1,A1,05-JUL-74,lungu.denise@gmail.com,8,f
1018,0,290RP5,Dobos,Valeriu Vladut,1,B3,21-FEB-74,dobos.valeriu@info.ro,6.5,f
1019,0,593YJ7,Andrei,Daria,3,A1,01-AUG-74,andrei.daria@info.ro,6.17,f
1020,0,238RG4,Simion,Sergiu,3,A5,12-JUN-74,simion.sergiu@gmail.com,5.96,f
1021,0,447ZJ6,Micu,Simona Andreea,1,B5,29-JUN-74,micu.simona@info.ro,7,f
1022,0,760GH0,Bulbuc-aioanei,Ovidiu,3,A5,21-MAY-74,bulbuc-aioanei.ovidiu@gmail.com,5.96,f
1023,0,394AL1,Stan,Alina Stefana,2,B4,15-FEB-74,stan.alina@gmail.com,7.13,f
1024,0,837MM0,Gherman,Ilona,1,A2,21-JUL-74,gherman.ilona@info.ro,8.25,f
1025,0,935ZS6,Ionesei,Rares,2,A5,22-JUN-74,ionesei.rares@gmail.com,6.56,f
