id,nr_matricol,nume,prenume,an,grupa,data_nastere,email,medie,inregistrat
1,690NU8,Mihai,Petruta Paula,3,A5,10-OCT-74,mihai.petruta@info.ro,6.58
2,182NY0,Tuiu,Emma,2,A3,21-JAN-74,tuiu.emma@info.ro,7.31
3,561NW4,Mangalagiu,Sabina Raluca,3,B3,08-JAN-74,mangalagiu.sabina@gmail.com,7
4,966PC2,Dudau,Aurelian,1,B1,21-JAN-74,dudau.aurelian@gmail.com,8
5,139IL1,Ambroci,Damian Laurentiu,3,B4,24-JUN-74,ambroci.damian@info.ro,6.63
6,165AD5,Iacob,Valeriu,1,B4,11-JUL-74,iacob.valeriu@gmail.com,7.5
7,173NH4,Stavarache,Irinel Razvan,2,A3,26-JUN-74,stavarache.irinel@gmail.com,6.81
8,771CT1,Tudose,Stefania Claudia,1,A4,06-JUN-74,tudose.stefania@info.ro,6.38
9,179QC6,Edu,Xena,2,A2,05-JAN-74,edu.xena@gmail.com,8.13
10,565KY2,Cazamir,Cristian Iulian,2,B6,13-AUG-74,cazamir.cristian@info.ro,7.06
11,191OF5,Tanasa,Ioan Giulio,3,A2,23-JUL-74,tanasa.ioan@gmail.com,6.92
12,256GJ0,Craciunas,Eusebiu,3,A6,13-MAY-74,craciunas.eusebiu@info.ro,6.75
13,349YG0,Lates,Denise Tudor,1,A3,04-FEB-74,lates.denise@gmail.com,6.75
14,685JW2,Lungeanu,Teodora Simona,3,B4,30-APR-74,lungeanu.teodora@gmail.com,6.42
15,670JO7,Leonte,Laurentiu Claudiu,1,A1,17-MAR-74,leonte.laurentiu@info.ro,7.5
16,599MI2,Cobuz,Matei,1,B5,19-MAR-74,cobuz.matei@info.ro,8.13
17,680AZ5,Perciun,Adina Iuliana,3,B4,14-AUG-74,perciun.adina@info.ro,6.13
18,558DU5,Leustean,Nicu Tudor,3,B2,01-JAN-74,leustean.nicu@info.ro,6.71
19,604RT1,Goldan,Anca,2,A4,03-JAN-74,goldan.anca@gmail.com,6.81
20,574GA0,Chistol,Theodora Stefana,2,A2,26-NOV-74,chistol.theodora@gmail.com,7.5
21,514ER3,Butacu,Anda,3,A5,17-FEB-74,butacu.anda@gmail.com,6.54
22,107UP0,Stefan,Sabina Loredana,2,B4,28-JAN-74,stefan.sabina@info.ro,7.44
23,815ZJ6,Popovici,Corneliu Dorian,3,A1,29-JAN-74,popovici.corneliu@gmail.com,6.42
24,107IB4,Leustean,Elisa Sabina,1,B2,11-FEB-74,leustean.elisa@info.ro,5.5
25,452OE4,Bejan,Ion Iosif,3,B3,06-MAY-74,bejan.ion@info.ro,6.25
26,978NS1,Dima,Mirela Ema,1,B4,24-NOV-74,dima.mirela@gmail.com,7.38
27,300NG2,Leustean,Denisa Bianca,3,A5,17-OCT-74,leustean.denisa@gmail.com,7.04
28,106HD7,Motrescu,Gabriel,3,A6,15-JAN-74,motrescu.gabriel@info.ro,6.54
29,706MP8,Balica,Raluca,1,B3,17-FEB-74,balica.raluca@gmail.com,6.5
30,561UB2,Chelaru,Iuliana,2,A2,13-APR-74,chelaru.iuliana@gmail.com,7.06
31,630NH0,Dascalu,Ioana Loredana,2,B1,13-NOV-74,dascalu.ioana@gmail.com,7.31
32,598NV0,Olariu,Camelia,1,B4,19-FEB-74,olariu.camelia@info.ro,8.13
33,155TK4,Sandu,Gabriel,3,A4,27-AUG-74,sandu.gabriel@gmail.com,6.46
34,728CJ3,Frunza,Tamara,3,A5,22-SEP-74,frunza.tamara@gmail.com,6.29
35,789QO1,Belciuganu,Vladut,1,A1,19-JAN-74,belciuganu.vladut@gmail.com,5.5
36,762FH1,Curca,Gabriela,3,B3,15-OCT-74,curca.gabriela@gmail.com,6.25
37,863DF5,Lates,Oana Paula,2,B6,01-NOV-74,lates.oana@info.ro,7.19
38,545WY6,Frunza,Roland,1,B4,22-JUL-74,frunza.roland@info.ro,6.75
39,595EJ8,Baetu,Stefan Constantin,3,A3,28-AUG-74,baetu.stefan@info.ro,6.42
40,962RT8,Mihaila,Theodora Camelia,3,A2,10-OCT-74,mihaila.theodora@gmail.com,6.29
41,387FA2,Tudose,Cristina,2,B1,24-NOV-74,tudose.cristina@gmail.com,7.19
42,800AE2,Iancu,Silviu Daniel,3,B6,03-JAN-74,iancu.silviu@gmail.com,6.5
43,281TL5,Ungureanu,Manuela Camelia,3,B6,23-DEC-74,ungureanu.manuela@gmail.com,6.33
44,375CW8,Benchea,Diana Raluca,3,B2,28-JUL-74,benchea.diana@info.ro,6.5
45,287GO2,Gorgan,Andra Teodora,3,A4,23-MAR-74,gorgan.andra@gmail.com,6.21
46,938EH7,Teclici,Elena Larisa,1,B5,24-APR-74,teclici.elena@info.ro,7.88
47,555EF4,Capusneanu,Larisa,2,B4,15-AUG-74,capusneanu.larisa@gmail.com,7.56
48,342DH7,Damoc,Alex Dumitru,3,A5,22-OCT-74,damoc.alex@info.ro,6.96
49,231BZ4,Bute,Monica Stefania,2,A1,19-JUN-74,bute.monica@gmail.com,7.19
50,955CZ5,Cernescu,Daria Stefana,3,A5,04-SEP-74,cernescu.daria@info.ro,6.33
51,540RX5,Dragoman,Loredana Daria,3,B3,07-OCT-74,dragoman.loredana@gmail.com,6.79
52,786ZU4,Danila,Cezar,3,A3,01-APR-74,danila.cezar@info.ro,6.21
53,591NJ7,Gherase,Anca,3,A4,17-JUL-74,gherase.anca@info.ro,6.58
54,607ER3,Leleu,Ema,3,A1,08-SEP-74,leleu.ema@info.ro,6.29
55,184PR1,Gherase,Stefana,1,A1,14-SEP-74,gherase.stefana@gmail.com,6.75
56,258ZM8,Ichim,Catalin,1,A4,03-JUL-74,ichim.catalin@gmail.com,7.13
57,979SO1,Cozmiuc,Octavian,3,B4,29-AUG-74,cozmiuc.octavian@gmail.com,5.96
58,225FS1,Ventaniuc,Cristian,2,B4,27-NOV-74,ventaniuc.cristian@gmail.com,6.75
59,917CM2,Ivascu,Lucian,2,A2,23-MAY-74,ivascu.lucian@info.ro,6.75
60,905SI1,Milut,Claudiu,2,B3,24-FEB-74,milut.claudiu@info.ro,6.13
61,736LQ1,Bodnar,Georgiana,3,B6,23-FEB-74,bodnar.georgiana@gmail.com,6.25
62,308LE2,Motroi,Nicusor,2,A6,29-JAN-74,motroi.nicusor@info.ro,7.31
63,115BA5,Ciobotaru,Rares Gheorghe,2,B1,25-OCT-74,ciobotaru.rares@info.ro,7.56
64,744RI7,Eusebiu,Simona,2,A2,01-OCT-74,eusebiu.simona@info.ro,7.63
65,119NF0,Tuduri,Sebastian Ilie,1,A2,20-MAY-74,tuduri.sebastian@gmail.com,7
66,581US3,Frunza,Gheorghe Daniel,2,B1,13-OCT-74,frunza.gheorghe@info.ro,6.56
67,229DA0,Alexandru,Ioan,3,A1,31-JAN-74,alexandru.ioan@info.ro,6.5
68,855SM1,Antonie,Dorin Paul,1,B6,25-MAY-74,antonie.dorin@info.ro,7.25
69,910ON0,Dascalu,Vasilica Raluca,2,A6,02-MAY-74,dascalu.vasilica@info.ro,6.56
70,463XB2,Lupu,Dorin Matei,3,A3,20-MAY-74,lupu.dorin@gmail.com,6.21
71,560BX5,Turcu,Delia Alina,3,B1,28-JAN-74,turcu.delia@info.ro,6.67
72,983HK3,Herscovici,Cristina,1,A4,14-MAR-74,herscovici.cristina@gmail.com,5.75
73,769KK2,Tudose,Vladimir Eugen,1,A2,19-OCT-74,tudose.vladimir@gmail.com,5.63
74,300LR7,Baciu,Denisa Ilona,2,A5,25-JUN-74,baciu.denisa@info.ro,7.56
75,988WO4,Ventaniuc,Gabriel Liviu,3,B5,28-NOV-74,ventaniuc.gabriel@info.ro,6.92
76,819UX7,Hutanu,Paula Mirela,1,A4,12-MAR-74,hutanu.paula@info.ro,7.25
77,663GH3,Gurau,Elisa,3,B1,05-JAN-74,gurau.elisa@gmail.com,6.58
78,597PP3,Tudose,Beniamin Laurentiu,2,A3,08-MAY-74,tudose.beniamin@gmail.com,6.5
79,538HU1,Ungureanu,Tamara Simona,1,A3,16-SEP-74,ungureanu.tamara@info.ro,6.5
80,659CI7,Cazamir,Rolland,2,A4,08-AUG-74,cazamir.rolland@gmail.com,7
81,609NH7,Andrei,Laura,2,A3,20-MAY-74,andrei.laura@info.ro,7
82,181AA6,Birsanu,Dumitru Corneliu,1,A3,30-AUG-74,birsanu.dumitru@gmail.com,7.38
83,361YI8,Minuti,Adina Raluca,2,B5,02-JUN-74,minuti.adina@gmail.com,6.94
84,732UQ7,Leon,Andra Ilona,1,B6,06-JUL-74,leon.andra@info.ro,5.13
85,681KS8,Buza,Rolland Florin,2,B1,20-DEC-74,buza.rolland@gmail.com,7.56
86,942GM7,Luncasu,Raluca,2,B4,09-MAR-74,luncasu.raluca@info.ro,7.13
87,192UV8,Negrutu,Iuliana Antonia,2,B4,02-NOV-74,negrutu.iuliana@info.ro,7.88
88,375XB8,Alexe,Sanziana Malina,2,B2,13-MAR-74,alexe.sanziana@info.ro,7.19
89,762DD7,Harabula,Camelia,1,B6,08-JUN-74,harabula.camelia@info.ro,6.5
90,188VS2,Insuratelu,Sabina Madalina,3,A1,18-JUN-74,insuratelu.sabina@gmail.com,6.46
91,373KH8,Motroi,Tamara,2,A3,17-FEB-74,motroi.tamara@info.ro,7.25
92,825HD8,Tudose,Ecaterina Petruta,3,A2,29-MAR-74,tudose.ecaterina@gmail.com,6.5
93,910FW6,Bizu,Fabian Paul,2,B4,24-MAY-74,bizu.fabian@gmail.com,7
94,472YA5,Arteni,Bogdan Liviu,1,A3,15-JUN-74,arteni.bogdan@gmail.com,6.5
95,680GY0,Galatanu,Beniamin Ervin,3,B2,19-DEC-74,galatanu.beniamin@info.ro,5.71
96,823TH2,Balica,Simona Vasilica,3,A2,13-DEC-74,balica.simona@info.ro,6.42
97,898EK2,Antonie,Filip,1,B2,17-JUN-74,antonie.filip@info.ro,7.13
98,888HZ6,Zamosteanu,Eleonora Georgiana,2,A6,23-MAR-74,zamosteanu.eleonora@gmail.com,6.19
99,556DB3,Hutanu,Iolanda Ema,3,A1,16-APR-74,hutanu.iolanda@info.ro,5.67
100,683ED8,Domnaru,Dumitru Matei,2,A5,19-FEB-74,domnaru.dumitru@gmail.com,7.13
101,277VL4,Stolnicu,Paul,3,B3,22-AUG-74,stolnicu.paul@info.ro,6.75
102,294ON3,Patachi,Ovidiu Alin,3,A5,17-SEP-74,patachi.ovidiu@info.ro,6.71
103,154HZ6,Nica,Mihaela,2,A4,26-JAN-74,nica.mihaela@info.ro,7
104,573XW5,Cebere,Robert Matei,2,B5,27-JAN-74,cebere.robert@gmail.com,7.38
105,720MS5,Purice,Gheorghe Dan,1,A6,07-OCT-74,purice.gheorghe@gmail.com,7
106,654HC5,Vulpescu,Filip Constantin,1,A5,31-JUL-74,vulpescu.filip@info.ro,6.75
107,354IF6,Herdes,Ileana Antonia,2,A6,19-DEC-74,herdes.ileana@gmail.com,7.19
108,434HU1,Mitan,Mihail,3,A5,13-AUG-74,mitan.mihail@info.ro,6.17
109,730ER8,Leuciuc,Richard Cezar,3,A2,06-NOV-74,leuciuc.richard@info.ro,6.5
110,977FR3,Vasiliu,Vlad Danut,1,A1,05-JUN-74,vasiliu.vlad@gmail.com,6.88
111,881SW5,Stefan,Ciprian Irinel,1,B2,08-JUN-74,stefan.ciprian@info.ro,7.88
112,382TM2,Stolniceanu,Mirela Andreia,3,B3,14-MAY-74,stolniceanu.mirela@info.ro,7
113,932CC6,Teodorescu,Irina Anda,1,A3,03-FEB-74,teodorescu.irina@info.ro,6.88
114,713KZ8,Leuciuc,Theodora Andra,2,B3,31-MAY-74,leuciuc.theodora@info.ro,5.75
115,991FY4,Opariuc,Valentin Cosmin,1,A4,28-MAY-74,opariuc.valentin@gmail.com,7.25
116,755BH3,Ambroci,Iulia Daniela,3,A6,07-AUG-74,ambroci.iulia@info.ro,6.33
117,732MM0,Rosca,Ovidiu Nicolae,1,B1,02-MAY-74,rosca.ovidiu@info.ro,6.88
118,905EO6,Adascalitei,Daniela,1,A1,01-MAR-74,adascalitei.daniela@gmail.com,7.5
119,444GS7,Simionesei,Mirela,2,A1,10-OCT-74,simionesei.mirela@gmail.com,6.63
120,265UD1,Crucerescu,Mihaela Larisa,2,A2,25-JUN-74,crucerescu.mihaela@gmail.com,8
121,799NU0,Onu,Ilona Monica,2,A5,26-FEB-74,onu.ilona@info.ro,6.38
122,686FQ2,Creanga,Loredana,1,A1,10-DEC-74,creanga.loredana@gmail.com,7.75
123,752XF5,Stoian,Andreas Eusebiu,2,B3,23-DEC-74,stoian.andreas@gmail.com,6.94
124,904XY0,Palihovici,Laura,3,B5,23-SEP-74,palihovici.laura@gmail.com,7.25
125,513LG3,Chelmus,Oana,1,B2,26-OCT-74,chelmus.oana@gmail.com,7.13
126,974WW4,Toncu,Vadim Vladimir,3,B5,30-OCT-74,toncu.vadim@gmail.com,6.33
127,897WG6,Banu,Elvis Iosif,3,B5,09-OCT-74,banu.elvis@info.ro,6.33
128,169OP2,Talif,Roland,3,A4,01-OCT-74,talif.roland@gmail.com,6.75
129,771YR0,Lungeanu,Xena Emma,3,B4,10-NOV-74,lungeanu.xena@gmail.com,6.29
130,764WM3,Negruser,Radu Dumitru,2,B5,31-MAY-74,negruser.radu@gmail.com,6.81
131,172OV4,Carp,Iuliana Mihaela,3,B4,24-JUN-74,carp.iuliana@info.ro,6.71
132,573JT2,Cehan,Elisa Adina,3,B2,24-MAY-74,cehan.elisa@info.ro,7
133,113PH6,Andrici,Anda Madalina,2,A3,14-AUG-74,andrici.anda@info.ro,6.44
134,868GI1,Hutanu,Mihaela Raluca,2,B3,05-JUN-74,hutanu.mihaela@info.ro,6.69
135,166QX7,Podaru,Vasile Irinel,2,B5,19-MAY-74,podaru.vasile@info.ro,7.75
136,425AY6,Grigore,Robert Vasile,3,B1,27-MAY-74,grigore.robert@info.ro,6.42
137,872MA4,Motroi,Stefania Madalina,3,B5,10-AUG-74,motroi.stefania@info.ro,6.58
138,483SU3,Ivascu,Cosmin Vadim,2,B2,02-JAN-74,ivascu.cosmin@info.ro,6.63
139,878OH3,Tuduri,Cristina Maria,1,A5,08-MAY-74,tuduri.cristina@gmail.com,7.25
140,143LE1,Burlacu,Mihai,1,A6,11-FEB-74,burlacu.mihai@info.ro,7
141,705YW1,Goldan,Monica,3,B6,30-OCT-74,goldan.monica@info.ro,6.71
142,296LF8,Stingaciu,Adina Delia,1,A2,07-SEP-74,stingaciu.adina@info.ro,7.5
143,706GH0,Chilaboc,Ovidiu Vadim,1,A3,09-APR-74,chilaboc.ovidiu@info.ro,5.25
144,345HB2,Aioanei,Ilona Daria,2,B4,23-FEB-74,aioanei.ilona@info.ro,7.06
145,382PU1,Morarescu,Larisa,2,A4,05-FEB-74,morarescu.larisa@info.ro,7.13
146,705LB6,Barbieru,Daria Ilona,1,B2,08-NOV-74,barbieru.daria@info.ro,6.38
147,841TK0,Curca,George Marius,3,B2,04-JUN-74,curca.george@info.ro,6.29
148,401JF3,Frumosu,Laurentiu Codrin,3,A6,17-JUN-74,frumosu.laurentiu@info.ro,6.75
149,426FM5,Stoica,Iulian Cristian,1,A4,04-MAR-74,stoica.iulian@gmail.com,5.75
150,452SG7,Dimache,Daniela Simona,3,B3,08-JUN-74,dimache.daniela@gmail.com,6.46
151,705KY8,Palihovici,Monica,2,A4,07-SEP-74,palihovici.monica@gmail.com,6.75
152,136HY6,Gorgan,Nicolae,3,B4,02-NOV-74,gorgan.nicolae@info.ro,6.42
153,292YC0,Trifan,Florin,3,B5,16-SEP-74,trifan.florin@info.ro,7.13
154,542VJ8,Boistean,Ionut,2,B2,11-JUL-74,boistean.ionut@info.ro,7.06
155,467IQ3,Antochi,Nicusor Vasile,2,B4,20-OCT-74,antochi.nicusor@info.ro,7
156,312MO1,Tudose,Loredana,2,A4,10-MAR-74,tudose.loredana@gmail.com,6.13
157,151FI2,Palihovici,Vlad,3,B4,20-SEP-74,palihovici.vlad@gmail.com,6.38
158,721OB0,Citea,Gabriel,3,B3,07-SEP-74,citea.gabriel@gmail.com,5.96
159,474RQ1,Prisecaru,Larisa Diana,1,B4,21-JUN-74,prisecaru.larisa@info.ro,7.63
160,445HH2,Opariuc,Eduard Matei,2,A4,23-DEC-74,opariuc.eduard@info.ro,7.44
161,728YU3,Durnea,Eusebiu Valentin,2,A5,16-MAY-74,durnea.eusebiu@gmail.com,6.75
162,760PY4,Corduneanu,Florian,1,A2,09-FEB-74,corduneanu.florian@info.ro,7.38
163,394DG8,Alexe,Ioan Adrian,1,A1,11-JAN-74,alexe.ioan@info.ro,7
164,617BO4,Lupu,Alex,3,A6,07-DEC-74,lupu.alex@info.ro,6.63
165,910JX5,Stingaciu,Vladut Bogdan,1,B5,09-JAN-74,stingaciu.vladut@info.ro,6.38
166,342VS6,Insuratelu,Ilona Iulia,2,B6,12-MAR-74,insuratelu.ilona@gmail.com,6.56
167,426XB8,Botezatu,Andreas Valentin,2,B1,09-APR-74,botezatu.andreas@info.ro,7.5
168,390DA5,Jitca,Paul Vlad,2,A5,15-JUN-74,jitca.paul@info.ro,7.44
169,971FI0,Anita,Theodor Nicolae,3,B6,29-MAY-74,anita.theodor@gmail.com,6.63
170,462FN2,Asaftei,Cristina Elisa,3,B2,21-OCT-74,asaftei.cristina@info.ro,6.88
171,906CB5,Stavarache,Laurentiu Sebastian,3,A3,30-JUL-74,stavarache.laurentiu@info.ro,5.75
172,687DB8,Negrus,Elisa,3,B1,08-JUN-74,negrus.elisa@info.ro,6.42
173,898VR4,Sandulache,Delia,3,B5,05-JAN-74,sandulache.delia@info.ro,6.5
174,529YX7,Cozma,Paul,3,B5,11-JAN-74,cozma.paul@gmail.com,6.75
175,209HL2,Scurtu,Catalin Teofil,1,B1,02-JUL-74,scurtu.catalin@info.ro,7.5
176,502PD3,Maxim,Teodora Malina,3,B5,02-OCT-74,maxim.teodora@gmail.com,6.92
177,889YL1,Mitan,Irinel Sergiu,2,B6,17-FEB-74,mitan.irinel@gmail.com,6.81
178,303ID7,Leleu,Raluca,2,B5,07-DEC-74,leleu.raluca@info.ro,6.56
179,711AL2,Miron,Sanziana Simona,3,A3,03-FEB-74,miron.sanziana@info.ro,6
180,648HS8,Urse,Nicu Matei,1,A1,24-OCT-74,urse.nicu@gmail.com,6.25
181,115OU5,Pintilie,Iosif Aurelian,3,A3,04-JAN-74,pintilie.iosif@gmail.com,6.58
182,675JG5,Riza,Raluca Ileana,3,B3,13-MAR-74,riza.raluca@gmail.com,6.33
183,554MC7,Boistean,Adrian,1,B1,11-FEB-74,boistean.adrian@info.ro,7.13
184,786SB0,Bazgan,Ovidiu Mihai,2,A6,29-APR-74,bazgan.ovidiu@info.ro,7.38
185,794CX8,Leonte,Iosif,3,B3,03-OCT-74,leonte.iosif@gmail.com,6.54
186,764XJ1,Dragomir,Iaroslav,1,A5,08-MAR-74,dragomir.iaroslav@info.ro,7.63
187,881RF4,Postolache,Maria Bianca,1,B4,05-OCT-74,postolache.maria@info.ro,6.13
188,871UO6,Pantiru,Manuela,3,B6,01-MAR-74,pantiru.manuela@gmail.com,6.13
189,160JW8,Marcu,Dragos Matei,2,A3,30-JUL-74,marcu.dragos@info.ro,6.38
190,287QS6,Condurache,Romanescu Teodor,2,B2,26-JUN-74,condurache.romanescu@gmail.com,7.06
191,992PM5,Talif,Anda,2,A5,30-DEC-74,talif.anda@gmail.com,7.06
192,219DY7,Lupu,Camelia,3,A4,08-APR-74,lupu.camelia@info.ro,6.71
193,158MP0,Ichim,Antonia Anca,2,B6,24-JAN-74,ichim.antonia@gmail.com,7.31
194,499JU3,Mazur,Monica Teodora,1,B3,19-MAY-74,mazur.monica@info.ro,5.75
195,729XR5,Maganu,Oana Petruta,2,B5,21-FEB-74,maganu.oana@info.ro,6.88
196,211ZX0,Glodeanu,Ciprian,3,B6,15-SEP-74,glodeanu.ciprian@info.ro,6.79
197,377PN6,Ababei,Madalina Sabina,3,A1,20-JAN-74,ababei.madalina@gmail.com,6.42
198,491MQ2,Craciunas,Irinel,3,B5,24-APR-74,craciunas.irinel@gmail.com,6.75
199,145CS5,Ilie,Petrut Daniel,2,A6,19-FEB-74,ilie.petrut@info.ro,6.31
200,687KA3,Creanga,Mihaela Larisa,1,B4,20-JUL-74,creanga.mihaela@gmail.com,7.25
201,443EQ6,Maganu,Emanuela Georgiana,3,B1,09-OCT-74,maganu.emanuela@gmail.com,6.42
202,197MD2,Ciobanu,Theodor Adrian,2,B6,19-SEP-74,ciobanu.theodor@info.ro,7.19
203,462FK6,Ionita,Sabin Beniamin,2,A1,28-DEC-74,ionita.sabin@gmail.com,6.56
204,615TZ6,Neghina,Rolland Danut,3,A4,01-NOV-74,neghina.rolland@info.ro,7.17
205,915NQ1,Ciocoiu,Dorin,3,B6,30-JUL-74,ciocoiu.dorin@gmail.com,6.25
206,505CR4,Calinescu,Ciprian,1,B3,17-NOV-74,calinescu.ciprian@gmail.com,8
207,143IP4,Herscovici,Alina Antonia,2,A5,20-NOV-74,herscovici.alina@gmail.com,7.31
208,377TY4,Buza,Emanuela Stefana,3,B1,14-OCT-74,buza.emanuela@info.ro,5.88
209,184DE7,Avadanei,Sabina,2,A5,13-JUL-74,avadanei.sabina@info.ro,6.5
210,813CV6,Cosnita,Valeriu,1,B2,19-APR-74,cosnita.valeriu@info.ro,5.75
211,678JA3,Andrei,Nicu Dorin,1,B4,20-FEB-74,andrei.nicu@info.ro,7.13
212,985WJ5,Dodan,Ecaterina Maria,2,A1,27-MAR-74,dodan.ecaterina@info.ro,6.81
213,526NN8,Burlacu,Irinel Vadim,1,B4,28-DEC-74,burlacu.irinel@info.ro,7.13
214,247CR4,Harabula,Ana Stefania,2,B5,31-JUL-74,harabula.ana@info.ro,6.5
215,229FQ3,Damian,Claudia,1,B6,21-DEC-74,damian.claudia@info.ro,7.38
216,283EI8,Iosub,Nicolae Ionel,2,B6,25-MAR-74,iosub.nicolae@gmail.com,7
217,346RC5,Dorneanu,Octavian,1,B4,15-FEB-74,dorneanu.octavian@gmail.com,7.38
218,247AM8,Bradea,Ioan Camil,3,B5,30-NOV-74,bradea.ioan@gmail.com,6.67
219,271XB5,Lucaci,Anca Emma,2,B2,26-APR-74,lucaci.anca@gmail.com,7.06
220,109KS0,Daniel,Florian,1,A3,19-NOV-74,daniel.florian@gmail.com,7.13
221,140EA0,Unghianu,Bogdan Beniamin,3,A1,01-JUL-74,unghianu.bogdan@gmail.com,6.21
222,497BJ5,Clim,Sabin Costel,1,B6,21-AUG-74,clim.sabin@gmail.com,6.25
223,360RI2,Filibiu,Octavian,1,A3,22-FEB-74,filibiu.octavian@gmail.com,6.63
224,934HG7,Moisa,Sebastian,1,A1,20-OCT-74,moisa.sebastian@gmail.com,7
225,794QE7,Luca,Razvan,2,B6,23-DEC-74,luca.razvan@info.ro,6.44
226,636MX5,Lungeanu,Andreea Antonia,1,A1,21-MAR-74,lungeanu.andreea@info.ro,5.88
227,803GL2,Mutescu,Claudia Ana,1,A3,23-DEC-74,mutescu.claudia@info.ro,6.38
228,403QC6,Ivascu,Dorian Valentin,3,B6,02-MAR-74,ivascu.dorian@info.ro,6.21
229,419RW3,Cretu,Eleonora Alexandra,3,B2,16-NOV-74,cretu.eleonora@info.ro,6.54
230,555JJ2,Chmilevski,Radu Stefan,1,B6,01-NOV-74,chmilevski.radu@info.ro,6.63
231,795SK7,Palihovici,Richard Nicu,1,A5,02-JUN-74,palihovici.richard@gmail.com,6.75
232,879MD4,Diaconu,Catalin,1,B6,14-MAR-74,diaconu.catalin@gmail.com,6.88
233,274ZF2,Alexe,Ema Claudia,3,A3,09-MAY-74,alexe.ema@info.ro,6.83
234,548VR8,Procop,Damian,1,B1,23-DEC-74,procop.damian@info.ro,6.13
235,956XM5,Chelaru,Richard Denise,2,A1,22-NOV-74,chelaru.richard@gmail.com,6.81
236,297MD7,Gherman,Sabina,2,A3,11-DEC-74,gherman.sabina@info.ro,7.5
237,602JI7,Otrocol,Tamara Alina,1,A6,06-DEC-74,otrocol.tamara@info.ro,7.75
238,723HF0,Oana,Tamara,2,B6,21-SEP-74,oana.tamara@gmail.com,6.63
239,348SW1,Ichim,Mihai Irinel,1,B4,04-FEB-74,ichim.mihai@info.ro,7.25
240,232BT1,Riscanu,Elena Paula,2,A5,12-MAR-74,riscanu.elena@info.ro,7
241,911DB7,Poputoaia,Valentin,3,B5,20-JUN-74,poputoaia.valentin@gmail.com,5.96
242,802CF4,Diaconu,Elena Gabriela,2,A5,04-JUN-74,diaconu.elena@info.ro,7.25
243,350MU1,Bejan,Manuela Antonia,2,B6,13-APR-74,bejan.manuela@info.ro,6.69
244,331OZ3,Carbune,Raluca Ilona,1,A6,12-NOV-74,carbune.raluca@gmail.com,7.25
245,260CZ2,Mutescu,Iolanda,1,B5,10-AUG-74,mutescu.iolanda@gmail.com,7
246,274ZY3,Grigoriu,Loredana,1,A4,23-OCT-74,grigoriu.loredana@gmail.com,6.63
247,601BG2,Gavrilovici,Alina,3,A1,26-SEP-74,gavrilovici.alina@info.ro,6.54
248,990DQ7,Netedu,Danut Andreas,2,B4,27-JAN-74,netedu.danut@info.ro,6.56
249,642GH7,Iovu,Antonia,3,A4,02-OCT-74,iovu.antonia@info.ro,6.75
250,942PT3,Stoian,Valeriu Mihai,1,B1,22-OCT-74,stoian.valeriu@info.ro,7.38
251,274TS0,Dascalu,Petru Gheorghe,2,A3,24-OCT-74,dascalu.petru@gmail.com,7.31
252,194OS7,Marinov,Delia Paula,1,B3,21-DEC-74,marinov.delia@info.ro,7.25
253,644VN4,Leon,Sebastian Iulian,2,A1,02-JUL-74,leon.sebastian@gmail.com,7
254,184DF4,Citea,Paula,3,B2,19-AUG-74,citea.paula@gmail.com,6.92
255,601YR2,Simionesei,Daria Simina,3,A3,27-JAN-74,simionesei.daria@info.ro,7.25
256,631NI1,Butacu,Tudor,1,A1,14-OCT-74,butacu.tudor@info.ro,7
257,663GE3,Moscu,Rares Iaroslav,1,A2,04-OCT-74,moscu.rares@gmail.com,7.13
258,674YK0,Aioanei,Elena,2,A6,05-MAY-74,aioanei.elena@info.ro,7.06
259,983IV4,Diaconu,Ioana,3,A5,05-AUG-74,diaconu.ioana@gmail.com,6.29
260,898IT1,Micu,Loredana Malina,3,A1,12-APR-74,micu.loredana@info.ro,6.17
261,225BI5,Andrian,Georgiana Iolanda,3,B5,10-JUN-74,andrian.georgiana@gmail.com,6.29
262,887VC0,Talif,Marian Nicusor,3,A3,03-FEB-74,talif.marian@gmail.com,6.04
263,410YB8,Unghianu,Diana Xena,3,A1,24-OCT-74,unghianu.diana@info.ro,5.63
264,640ZG3,Crucerescu,Diana Sabina,1,A4,26-FEB-74,crucerescu.diana@gmail.com,8
265,257CC4,Dragan,Maria,2,B1,21-JAN-74,dragan.maria@gmail.com,6.31
266,467BP2,Sfarghiu,Ecaterina,2,A3,09-DEC-74,sfarghiu.ecaterina@info.ro,7.69
267,328FL8,Ionesei,Anca,2,B6,18-JUN-74,ionesei.anca@gmail.com,6.56
268,863YA6,Moisa,Eugen Petru,2,B1,04-OCT-74,moisa.eugen@info.ro,6.5
269,574GW4,Nastaca,Fabian,3,A5,21-SEP-74,nastaca.fabian@gmail.com,6.88
270,503GU8,Simionescu,Florin Ovidiu,1,B2,12-JUL-74,simionescu.florin@gmail.com,6.5
271,566PI8,Stoica,Delia,2,A1,17-FEB-74,stoica.delia@info.ro,6.88
272,414NS8,Pantiruc,Bianca Daniela,2,B4,20-JAN-74,pantiruc.bianca@gmail.com,7.56
273,861IP7,Pascaru,Darius Dumitru,1,B5,14-AUG-74,pascaru.darius@gmail.com,7
274,584CB6,Leustean,Florin Codrin,3,B6,21-APR-74,leustean.florin@info.ro,6.33
275,529XM6,Sparhat,Ilona Sanziana,2,A5,14-AUG-74,sparhat.ilona@gmail.com,6.94
276,205EU0,Pantiruc,Elisa,3,B1,21-DEC-74,pantiruc.elisa@info.ro,6.08
277,941HG0,Gitlan,Loredana Denisa,1,A5,10-FEB-74,gitlan.loredana@info.ro,7.5
278,129VC6,Romaniuc,Andra Antonia,3,B4,20-FEB-74,romaniuc.andra@gmail.com,6.08
279,354WE7,Moisa,Simona,1,A3,25-MAR-74,moisa.simona@info.ro,6.75
280,274UT0,Matcovici,Anda Maria,1,A6,30-APR-74,matcovici.anda@gmail.com,6.13
281,724KZ7,Lupu,Giani,2,A2,05-FEB-74,lupu.giani@gmail.com,7.38
282,119FF7,Mihalcea,Vadim Vasile,2,B4,30-MAY-74,mihalcea.vadim@info.ro,7.44
283,154CG1,Oprea,Tamara Delia,2,A4,06-APR-74,oprea.tamara@gmail.com,7.13
284,543YK4,Harpa,Emma,1,B3,11-MAY-74,harpa.emma@info.ro,6.63
285,344RI4,Bordeianu,Mihaela Tamara,1,B3,16-JUL-74,bordeianu.mihaela@info.ro,7.25
286,155TU4,Motrescu,Dumitru,1,A3,27-DEC-74,motrescu.dumitru@gmail.com,8.13
287,178PY7,Petcu,Laura Denisa,3,B3,31-MAR-74,petcu.laura@gmail.com,6.38
288,180CO1,Hodoreanu,Antonia Loredana,1,A5,04-JUL-74,hodoreanu.antonia@info.ro,6.75
289,621VM3,Goldan,Camil Ionut,2,A4,28-NOV-74,goldan.camil@gmail.com,6.31
290,492KN5,Chile,Marius,3,B3,19-MAY-74,chile.marius@info.ro,6.42
291,481CC4,Coseru,Iulia Alexandra,3,B3,21-MAY-74,coseru.iulia@info.ro,6.04
292,696MP0,Carp,Adrian,1,A2,19-NOV-74,carp.adrian@gmail.com,6.75
293,517CB8,Carp,Simina,2,A3,22-MAR-74,carp.simina@gmail.com,7.5
294,201WZ5,Lupascu,Iuliana Irina,2,B6,22-JAN-74,lupascu.iuliana@info.ro,6.19
295,915JL8,Cosnita,Eleonora Monica,3,B3,07-OCT-74,cosnita.eleonora@info.ro,6.42
296,676RT4,Toma,Diana,3,B3,01-MAR-74,toma.diana@info.ro,6.33
297,753ZI6,Varlan,Camelia,2,A1,19-FEB-74,varlan.camelia@info.ro,7.44
298,532FU2,Purice,Theodora Ema,1,B6,28-MAY-74,purice.theodora@gmail.com,5.88
299,298SC4,Dobos,Costel Razvan,2,B3,13-FEB-74,dobos.costel@info.ro,7.56
300,953GJ2,Morarescu,Marian Razvan,1,A1,12-APR-74,morarescu.marian@gmail.com,7
301,659HA1,Frunza,Giani Marius,2,A5,29-APR-74,frunza.giani@info.ro,6.5
302,914VT7,Cojocaru,Elvis,3,B2,09-AUG-74,cojocaru.elvis@info.ro,6.29
303,658AF1,Dragan,Mirela,3,A5,04-FEB-74,dragan.mirela@gmail.com,6.46
304,330YR0,Joldescu,Darius Nicolae,3,A2,07-NOV-74,joldescu.darius@info.ro,5.83
305,205HJ5,Herdes,Constantin Valeriu,3,A1,07-DEC-74,herdes.constantin@gmail.com,6.13
306,513FG7,Dochitei,Alina,1,A1,28-OCT-74,dochitei.alina@gmail.com,7.5
307,817PL8,Hostiuc,Dumitru,1,B2,10-JUN-74,hostiuc.dumitru@gmail.com,6.75
308,218CB8,Citea,Delia Theodora,1,B3,22-MAR-74,citea.delia@info.ro,6.75
309,856VU3,Mihalachi,George Andreas,1,B6,04-FEB-74,mihalachi.george@gmail.com,7.38
310,860DU7,Moisa,Daria Andreia,1,B5,25-NOV-74,moisa.daria@info.ro,6.38
311,942EM2,Patras,Daniela Eleonora,2,A4,26-APR-74,patras.daniela@info.ro,6.81
312,225HC8,Glodeanu,Ilie Danut,3,B4,18-OCT-74,glodeanu.ilie@gmail.com,6.79
313,894YN5,Sava,Adrian Matei,2,A6,05-JUN-74,sava.adrian@info.ro,7.25
314,328YA0,Ivascu,Irinel Ervin,3,B1,11-AUG-74,ivascu.irinel@gmail.com,6.75
315,135MF7,Alexii,Andreas Danut,1,B6,06-FEB-74,alexii.andreas@info.ro,6.88
316,539WE7,Nastaca,Nicu Iosif,1,B1,28-JUN-74,nastaca.nicu@gmail.com,6.25
317,474YI5,Vasiliu,Ionut,2,B4,24-SEP-74,vasiliu.ionut@info.ro,7.25
318,740QS7,Bulbuc-aioanei,Samuel Nicu,3,A5,22-MAY-74,bulbuc-aioanei.samuel@info.ro,6.79
319,746KH3,Ciocoiu,Bianca,2,A4,24-JAN-74,ciocoiu.bianca@info.ro,7.69
320,394VU1,Braescu,Petruta,3,B1,08-OCT-74,braescu.petruta@gmail.com,6.21
321,676GX0,Bejan,Paula,1,B5,09-NOV-74,bejan.paula@info.ro,7.13
322,883DY1,Mazilu,Paul Liviu,3,A3,18-SEP-74,mazilu.paul@info.ro,6.83
323,848FL8,Stavarache,Giulio Damian,3,A5,18-JAN-74,stavarache.giulio@info.ro,6.58
324,533YM6,Teodorescu,Iulia Stefania,1,B3,30-JAN-74,teodorescu.iulia@gmail.com,6.63
325,147NP2,Crainiceanu,Emanuela Ilona,2,B6,22-JAN-74,crainiceanu.emanuela@info.ro,6.94
326,800VF1,Ilie,Eleonora,2,A3,01-MAY-74,ilie.eleonora@gmail.com,6.69
327,554TZ5,Daniel,Iolanda Emanuela,3,A6,26-APR-74,daniel.iolanda@info.ro,6.63
328,805EY2,Bilan,Ilona Anda,2,B2,08-MAY-74,bilan.ilona@info.ro,7.19
329,977ND0,Iordache,Beniamin,1,A4,16-APR-74,iordache.beniamin@gmail.com,6.63
330,325HA2,Gavrilovici,Mihai Octavian,3,B1,29-APR-74,gavrilovici.mihai@info.ro,6.25
331,513YB4,Bizu,Raluca,3,A5,06-MAY-74,bizu.raluca@info.ro,6.88
332,601EJ8,Lungu,Vadim Ervin,1,B2,21-APR-74,lungu.vadim@info.ro,6.25
333,983HJ5,Mihaila,Simina Vasilica,1,A3,21-NOV-74,mihaila.simina@info.ro,6.38
334,337KN1,Caraiman,Cosmin Mihail,1,A4,25-MAY-74,caraiman.cosmin@info.ro,6.25
335,937AS6,Nicu,Sergiu Iosif,2,B2,24-JAN-74,nicu.sergiu@gmail.com,7.81
336,216MB7,Bursuc,Stefania,3,B6,22-NOV-74,bursuc.stefania@info.ro,6.42
337,699KS5,Petcu,Alin,1,B2,11-JAN-74,petcu.alin@gmail.com,6.25
338,413TK4,Cosnita,Stefan Andreas,2,B2,11-JAN-74,cosnita.stefan@gmail.com,6.94
339,329XT7,Grosu,Nicu,2,A6,26-JUN-74,grosu.nicu@info.ro,6.94
340,777FG2,Jitariuc,Mihai,3,A4,19-FEB-74,jitariuc.mihai@info.ro,6.5
341,580LH7,Talif,Ilie Darius,1,B1,27-FEB-74,talif.ilie@info.ro,7.75
342,575CX2,Condurache,Antonia Andra,2,A1,01-FEB-74,condurache.antonia@gmail.com,7.56
343,510NO6,Suhani,Lucian,3,B4,23-JUL-74,suhani.lucian@gmail.com,6.33
344,634CL0,Dodan,Ioana Georgiana,3,A2,22-JUN-74,dodan.ioana@gmail.com,6.17
345,747LK6,Lupu,Anca Ema,2,B6,29-SEP-74,lupu.anca@info.ro,6.88
346,551RH4,Mihailescu,Elisa,1,B2,08-NOV-74,mihailescu.elisa@gmail.com,6.13
347,238JC8,Lungeanu,Tamara Sanziana,3,B3,02-APR-74,lungeanu.tamara@info.ro,6.38
348,494TG6,Gitlan,Teodor,2,B2,28-MAR-74,gitlan.teodor@gmail.com,6.88
349,155DD7,Andronic,Ilona Madalina,3,A1,03-APR-74,andronic.ilona@gmail.com,6.25
350,554RP0,Dimache,Adina Emanuela,1,A5,03-MAY-74,dimache.adina@gmail.com,6
351,635KR1,Folvaiter,Georgiana Stefania,1,A2,08-SEP-74,folvaiter.georgiana@gmail.com,6.88
352,982VK1,Dragoman,Andrei,1,A5,26-MAY-74,dragoman.andrei@info.ro,5.88
353,374WQ8,Larion,Danut Theodor,1,A3,13-JUN-74,larion.danut@gmail.com,5.38
354,788DE7,Musca,Stefana,2,A5,07-APR-74,musca.stefana@info.ro,6.81
355,138OU2,Catiru,Marius Giani,1,B6,22-DEC-74,catiru.marius@gmail.com,6.5
356,270NM5,Dochitei,Teodor Alin,2,A2,07-FEB-74,dochitei.teodor@gmail.com,7.31
357,307MJ2,Cernescu,Irina,3,B1,20-SEP-74,cernescu.irina@info.ro,6.96
358,799XS6,Stolniceanu,Malina Oana,2,B6,28-MAY-74,stolniceanu.malina@gmail.com,6.88
359,475FY2,Dodan,Sabin,2,A2,06-MAR-74,dodan.sabin@gmail.com,6.56
360,871UB5,Folvaiter,Daniel Marius,3,B4,25-MAY-74,folvaiter.daniel@info.ro,6.67
361,143RG2,Belcescu,Irina Gabriela,2,B5,15-DEC-74,belcescu.irina@gmail.com,7.75
362,949GZ3,Baetu,Nicusor Teodor,2,A3,31-JUL-74,baetu.nicusor@info.ro,7.69
363,593YV3,Petcu,Emma,2,A1,03-JAN-74,petcu.emma@info.ro,7.19
364,508LJ1,Stoleru,Elvis Iulian,2,B6,14-FEB-74,stoleru.elvis@info.ro,7.13
365,386JU3,Gavrilovici,Nicusor,3,A5,28-AUG-74,gavrilovici.nicusor@info.ro,6.83
366,554RA8,Boca,Damian Petrut,3,B6,04-MAY-74,boca.damian@info.ro,6.25
367,778IL7,Maftei,Adina Diana,1,B6,10-JUN-74,maftei.adina@info.ro,7.13
368,657LH1,Gherase,Dan Gabriel,2,A4,17-JUL-74,gherase.dan@info.ro,6.69
369,736PF0,Voaides,Alexandru Emil,3,A3,23-NOV-74,voaides.alexandru@gmail.com,6.46
370,266PY5,Costan,Irina Bianca,3,A4,01-JAN-74,costan.irina@gmail.com,6.96
371,710ST5,Olanuta,Ema Sabina,3,A6,19-AUG-74,olanuta.ema@gmail.com,6.42
372,777UH4,Birsanu,Eusebiu,2,B1,15-DEC-74,birsanu.eusebiu@gmail.com,7.44
373,236XQ1,Podaru,Ilona,1,A3,06-JAN-74,podaru.ilona@gmail.com,7.25
374,424KH4,Pantiruc,Alex,1,A4,01-JUL-74,pantiruc.alex@info.ro,7.38
375,763VO6,Huma,Antonia,1,B4,11-AUG-74,huma.antonia@info.ro,7.63
376,133ZJ3,Birsanu,Andreia Larisa,1,B4,13-MAY-74,birsanu.andreia@info.ro,6.25
377,245RO0,Filimon,Dorian,3,B4,13-JUL-74,filimon.dorian@gmail.com,6.08
378,598MW0,Joldescu,Malina Stefana,3,B5,09-OCT-74,joldescu.malina@gmail.com,6.58
379,584GH2,Paparuz,Gheorghe Iosif,1,B4,30-OCT-74,paparuz.gheorghe@info.ro,7.38
380,952ON1,Borcan,Mihai Vasile,3,A2,21-SEP-74,borcan.mihai@gmail.com,6.33
381,228VV4,Gitlan,Iolanda,3,A2,06-MAR-74,gitlan.iolanda@gmail.com,7.17
382,979HI6,Matcovici,Petru,1,B4,06-APR-74,matcovici.petru@info.ro,6.75
383,416RK5,Palihovici,Rares,2,B2,15-FEB-74,palihovici.rares@info.ro,7.06
384,756XZ5,Bejan,Ovidiu Sergiu,1,B2,28-MAY-74,bejan.ovidiu@gmail.com,6.88
385,513VN1,Luncasu,Ileana,2,B1,27-OCT-74,luncasu.ileana@info.ro,6.25
386,373GG0,Filibiu,Ema Tamara,3,A1,20-NOV-74,filibiu.ema@info.ro,6.42
387,303BZ1,Alexe,Stefan,1,A3,12-JAN-74,alexe.stefan@info.ro,7.75
388,410KO5,Martinas,Simina Ioana,2,A4,03-JUN-74,martinas.simina@info.ro,6.94
389,441FS7,Chirila,Iaroslav Andrei,3,B4,15-OCT-74,chirila.iaroslav@gmail.com,6.67
390,875JA3,Sitaru,Mihai Vlad,2,A3,13-AUG-74,sitaru.mihai@gmail.com,7.44
391,809SC6,Anita,Sabina Manuela,2,A1,08-APR-74,anita.sabina@gmail.com,6.5
392,794NW3,Herscovici,Elisa Denisa,1,B3,03-AUG-74,herscovici.elisa@gmail.com,7.25
393,112KM7,Latu,Vasilica Laura,3,A2,12-JUN-74,latu.vasilica@info.ro,6.58
394,943DB4,Botezatu,Dimitrie,2,A6,08-JUL-74,botezatu.dimitrie@info.ro,5.88
395,151BW6,Stefan,Eleonora,1,A3,28-DEC-74,stefan.eleonora@info.ro,7.5
396,419HY5,Gherca,Octavian Paul,2,A4,13-OCT-74,gherca.octavian@gmail.com,6.38
397,221JT2,Turcu,Mihaela Daniela,2,A1,10-JUL-74,turcu.mihaela@info.ro,7.13
398,420GM4,Savescu,Paul Corneliu,2,A3,31-JUL-74,savescu.paul@info.ro,6
399,897PC6,Burloiu,Andreea Gabriela,1,B6,09-JUN-74,burloiu.andreea@info.ro,6.13
400,478YC2,Asaftei,Ilona,2,B5,25-FEB-74,asaftei.ilona@info.ro,6.44
401,120IP4,Lazar,Gabriel,1,A4,27-SEP-74,lazar.gabriel@info.ro,6.5
402,814WS8,Danila,Victor Vadim,3,B5,07-AUG-74,danila.victor@gmail.com,6.58
403,664VT1,Gurau,Ion,2,A5,24-SEP-74,gurau.ion@gmail.com,7.13
404,891XC7,Stavarache,Sabina Iolanda,3,A2,15-MAY-74,stavarache.sabina@gmail.com,6.21
405,927HV4,Arhip,Danut,1,B5,01-DEC-74,arhip.danut@info.ro,7
406,967SL6,Ungureanu,Ciprian Romanescu,3,A6,17-NOV-74,ungureanu.ciprian@info.ro,6.71
407,810TH5,Tesu,Ioan George,2,A2,27-APR-74,tesu.ioan@gmail.com,7.25
408,559GZ7,Prodan,Samuel,3,B1,29-SEP-74,prodan.samuel@info.ro,7
409,387NN1,Stolnicu,Monica Vasilica,2,B5,17-MAY-74,stolnicu.monica@info.ro,7.81
410,935KA7,Darie,Daria,3,B6,21-JUL-74,darie.daria@gmail.com,6.38
411,612PC7,Daniel,Giulio,2,A3,15-MAY-74,daniel.giulio@gmail.com,7.5
412,820ZN7,Baetu,Giulio Bogdan,2,B1,08-JUL-74,baetu.giulio@gmail.com,6.75
413,294IZ4,Leonte,Claudiu,2,B5,09-FEB-74,leonte.claudiu@gmail.com,7.44
414,420QN0,Ulinici,Laura,1,B2,27-NOV-74,ulinici.laura@gmail.com,7.75
415,139QX3,Negrutu,Stefania Vasilica,2,A3,18-OCT-74,negrutu.stefania@info.ro,6.69
416,578LG0,Amarghioalei,Vladimir,1,B4,14-MAR-74,amarghioalei.vladimir@info.ro,6.13
417,172UJ0,Dragoman,Andreea Eleonora,2,A6,28-AUG-74,dragoman.andreea@info.ro,7.44
418,845ZD1,Nechita,Alina Ema,3,B3,31-MAY-74,nechita.alina@info.ro,6.71
419,568AE5,Adascalitei,Ilie,2,A6,09-MAR-74,adascalitei.ilie@gmail.com,7.06
420,879HE7,Edu,George,2,B5,20-OCT-74,edu.george@gmail.com,7.5
421,864ON7,Lazar,Vasilica Ana,2,A5,01-NOV-74,lazar.vasilica@info.ro,6.56
422,655HR5,Alexandrescu,Anca Larisa,2,B5,29-AUG-74,alexandrescu.anca@info.ro,7.75
423,657UA6,Agape,Iosif,1,B2,21-MAR-74,agape.iosif@info.ro,7.13
424,968KC4,Gavriliuc,Ilona Tamara,1,A6,08-MAY-74,gavriliuc.ilona@info.ro,7
425,965JU7,Lazar,Beniamin Ervin,1,A2,14-OCT-74,lazar.beniamin@gmail.com,8.13
426,658US6,Folvaiter,Vlad Aurelian,1,A4,17-MAY-74,folvaiter.vlad@gmail.com,7
427,160EO0,Lungeanu,Larisa Petruta,2,B2,19-MAR-74,lungeanu.larisa@info.ro,6.25
428,641NO0,Corneanu,Romanescu Giulio,3,B4,11-OCT-74,corneanu.romanescu@info.ro,6.88
429,446IM3,Vinatoru,Claudiu George,1,A3,27-OCT-74,vinatoru.claudiu@info.ro,9.25
430,295GY8,Irimia,Ioana,1,A1,16-JUL-74,irimia.ioana@gmail.com,7.25
431,738SB6,Manole,Ioana Antonia,1,B5,03-OCT-74,manole.ioana@info.ro,6.38
432,405WZ6,Damian,Loredana Iulia,2,A2,11-SEP-74,damian.loredana@info.ro,6.63
433,151BZ8,Joldescu,Matei Stefan,2,B4,06-OCT-74,joldescu.matei@gmail.com,7.69
434,602JD4,Carp,Vasile,3,A2,05-MAY-74,carp.vasile@info.ro,6.17
435,159WG6,Cumpata,Vasilica Diana,3,B5,24-NOV-74,cumpata.vasilica@gmail.com,6.75
436,730TO7,Paparuz,Iulia Malina,1,A6,02-AUG-74,paparuz.iulia@info.ro,6.13
437,890SF0,Riza,Claudia,1,A2,07-NOV-74,riza.claudia@info.ro,7.25
438,176YM8,Micu,Claudia Andra,2,A4,02-MAR-74,micu.claudia@info.ro,6.44
439,455RZ0,Stoleru,Marius,1,B1,30-MAY-74,stoleru.marius@info.ro,7.5
440,897AU0,Ciucanu,Manuela Alina,3,A5,21-OCT-74,ciucanu.manuela@info.ro,6.33
441,781RK7,Marcu,Teodor Mihai,2,B6,05-DEC-74,marcu.teodor@info.ro,7
442,682MY8,Ventaniuc,Sanziana,3,B1,05-OCT-74,ventaniuc.sanziana@info.ro,6.13
443,956VM7,Corduneanu,Iuliana,3,B1,30-APR-74,corduneanu.iuliana@gmail.com,6.17
444,108LH6,Rosca,Teodora Stefania,3,A2,20-JAN-74,rosca.teodora@info.ro,6.38
445,454YD3,Creanga,Mihail,3,B1,28-MAR-74,creanga.mihail@info.ro,6.25
446,936BW0,Reut,Vasilica,1,A4,06-DEC-74,reut.vasilica@info.ro,8.5
447,559LP4,Riza,Ema Gabriela,2,B5,26-OCT-74,riza.ema@info.ro,6.94
448,106DA8,Ursachi,Iuliana,3,B6,11-MAR-74,ursachi.iuliana@info.ro,6.46
449,844OJ7,Burloiu,Dimitrie Sabin,2,A6,15-NOV-74,burloiu.dimitrie@gmail.com,6.31
450,787PY8,Ichim,Andra Laura,3,B5,07-SEP-74,ichim.andra@gmail.com,7.17
451,761OO1,Asaftei,Dumitru Petrut,2,A4,04-JUN-74,asaftei.dumitru@info.ro,6.88
452,661TV1,Insuratelu,Andrei Alexandru,2,B3,21-MAR-74,insuratelu.andrei@info.ro,7.69
453,766PF3,Bulai,Vladimir Ciprian,3,B3,14-JAN-74,bulai.vladimir@gmail.com,6.21
454,286JE4,Dima,Irina,2,B3,24-SEP-74,dima.irina@info.ro,7
455,554IZ5,Maxim,Cosmin Corneliu,3,A3,26-SEP-74,maxim.cosmin@info.ro,6.75
456,576QJ3,Babei,Stefania Malina,2,B2,10-NOV-74,babei.stefania@info.ro,6.81
457,403XB0,Dochitei,Stefania,1,A2,08-JUN-74,dochitei.stefania@info.ro,7.88
458,972JC8,Grama,Emanuela Andra,3,A3,08-MAY-74,grama.emanuela@gmail.com,6.08
459,828JU5,Negrus,Iulia,1,A1,23-DEC-74,negrus.iulia@info.ro,7
460,379KF8,Folvaiter,Marius,1,A2,08-JUN-74,folvaiter.marius@info.ro,7.75
461,319VV2,Covatariu,Damian,2,B4,18-OCT-74,covatariu.damian@gmail.com,7.69
462,947SZ5,Tudosa,Silviu,1,B3,29-JUL-74,tudosa.silviu@gmail.com,7.63
463,371KN7,Ionita,Ionut,1,B3,16-MAY-74,ionita.ionut@gmail.com,5.88
464,948DR3,Filip,Xena,1,B5,27-MAY-74,filip.xena@gmail.com,7.13
465,528YZ2,Nechita,Gabriela Monica,3,A3,02-NOV-74,nechita.gabriela@gmail.com,6.83
466,897HW2,Ghibirdic,Diana Iulia,3,B2,08-MAY-74,ghibirdic.diana@gmail.com,6.17
467,880WF3,Postolache,Simina,3,A3,29-JAN-74,postolache.simina@info.ro,6.38
468,755QV2,Barbieru,Robert,3,B1,05-JAN-74,barbieru.robert@gmail.com,6.83
469,163JD0,Pascaru,Andreas Cosmin,2,A3,13-JAN-74,pascaru.andreas@gmail.com,7.56
470,620ZW1,Micu,Elisa Alina,2,B4,10-DEC-74,micu.elisa@info.ro,6.69
471,434NV2,Dragoman,Vadim,3,B5,08-JUL-74,dragoman.vadim@info.ro,6.25
472,218RR8,Trifan,Codrina,3,A2,14-FEB-74,trifan.codrina@gmail.com,5.96
473,265SH7,Alexii,Razvan,2,A6,28-FEB-74,alexii.razvan@gmail.com,6.56
474,368TP5,Grama,Cezar Florin,3,A6,23-JAN-74,grama.cezar@gmail.com,6.71
475,540YV7,Gorgan,Irinel,3,A4,10-OCT-74,gorgan.irinel@info.ro,6.63
476,455NK6,Clim,Iulia Adina,2,B5,10-FEB-74,clim.iulia@info.ro,6
477,194MB8,Covatariu,Simina Ema,3,A2,09-AUG-74,covatariu.simina@info.ro,6.42
478,201GS4,Ciucanu,Paul,3,A3,13-AUG-74,ciucanu.paul@info.ro,6.5
479,818SR7,Haba,Vasilica Manuela,3,A2,26-SEP-74,haba.vasilica@info.ro,7.13
480,746WW7,Darie,Filip,2,A2,11-SEP-74,darie.filip@gmail.com,7.56
481,351BL2,Tudosa,Dimitrie,3,A2,27-DEC-74,tudosa.dimitrie@info.ro,6.58
482,910DD4,Riscanu,Iaroslav Silviu,2,B2,16-DEC-74,riscanu.iaroslav@info.ro,6.38
483,813NX1,Simiganoschi,Laurentiu,3,A6,30-MAY-74,simiganoschi.laurentiu@info.ro,5.88
484,449DL7,Cusmuliuc,Giani Dorian,2,B5,07-MAR-74,cusmuliuc.giani@info.ro,7.25
485,175ZM8,Bejan,Cezar,3,B4,08-JUN-74,bejan.cezar@info.ro,6
486,241SI3,Olanuta,Petruta,2,A2,14-SEP-74,olanuta.petruta@gmail.com,7.13
487,955BN8,Dudau,Sabin,3,A3,16-SEP-74,dudau.sabin@info.ro,6.46
488,543YH4,Avadanei,Stefan Matei,3,B2,10-MAR-74,avadanei.stefan@info.ro,6.29
489,587PM8,Caraiman,Andreea Mihaela,2,A4,17-JAN-74,caraiman.andreea@info.ro,7.75
490,866TH0,Stingaciu,Cosmin Darius,2,A3,05-SEP-74,stingaciu.cosmin@info.ro,6.75
491,262YS1,Juravle,Simina Alexandra,3,B2,30-OCT-74,juravle.simina@info.ro,6.21
492,133DC4,Birsanu,Bogdan Ovidiu,2,B4,25-OCT-74,birsanu.bogdan@info.ro,7.56
493,805SD6,Jitca,Manuela,3,B3,27-AUG-74,jitca.manuela@gmail.com,6.21
494,564LG6,Eusebiu,Catalin Camil,2,A6,18-JUL-74,eusebiu.catalin@gmail.com,6.5
495,362AC8,Ursache,Sanziana Simina,1,B3,09-FEB-74,ursache.sanziana@info.ro,7.88
496,184EY0,Bulbuc-aioanei,Valeriu,2,B2,02-MAY-74,bulbuc-aioanei.valeriu@gmail.com,7.31
497,174TK6,Vulpescu,Matei,1,B5,22-AUG-74,vulpescu.matei@gmail.com,6.88
498,801CR4,Eduard,Richard Petru,1,B3,07-NOV-74,eduard.richard@gmail.com,6.88
499,520HN5,Adascalitei,Marian Teodor,1,A5,08-JUL-74,adascalitei.marian@info.ro,7.25
500,784ZQ2,Irimia,Dimitrie Alexandru,1,A5,07-DEC-74,irimia.dimitrie@gmail.com,5.63
501,965YY8,Gitlan,Ovidiu Iosif,3,B3,04-FEB-74,gitlan.ovidiu@info.ro,6.71
502,187HW0,Chelaru,Catalin Robert,1,B5,16-OCT-74,chelaru.catalin@gmail.com,5.88
503,165BG4,Ionita,Corneliu,2,A5,02-MAR-74,ionita.corneliu@gmail.com,7.81
504,594UN7,Dudau,Madalina,1,B4,07-FEB-74,dudau.madalina@gmail.com,7.13
505,689NE3,Dudau,Stefana,1,B2,26-JUN-74,dudau.stefana@info.ro,8
506,918FI2,Chile,Andreas,1,B4,27-APR-74,chile.andreas@info.ro,7.13
507,170LF3,Chitic,Manuela,2,A6,09-APR-74,chitic.manuela@gmail.com,6.94
508,413KP4,Cehan,Corneliu Samuel,2,B2,07-NOV-74,cehan.corneliu@gmail.com,6.81
509,478KI6,Hutanu,Lucian Alex,3,B1,13-SEP-74,hutanu.lucian@info.ro,6.46
510,867ZC8,Dogaru,Ecaterina Georgiana,1,B6,19-NOV-74,dogaru.ecaterina@info.ro,6.5
511,860IJ5,Burloiu,Valeriu Vasile,1,A4,20-OCT-74,burloiu.valeriu@info.ro,6
512,605CN8,Coseru,Alin,1,B3,04-DEC-74,coseru.alin@gmail.com,8.25
513,227YI0,Varteniuc,Daniel,2,A4,21-SEP-74,varteniuc.daniel@info.ro,7.69
514,611NZ3,Maxim,Simina Theodora,2,A4,08-JUL-74,maxim.simina@gmail.com,6.25
515,224UF1,Bulbuc-aioanei,Stefana,3,B2,10-OCT-74,bulbuc-aioanei.stefana@info.ro,6.92
516,795ZC8,Fedeles,Robert,3,A5,27-DEC-74,fedeles.robert@gmail.com,6.58
517,330TU8,Leonte,Loredana Theodora,3,A1,09-AUG-74,leonte.loredana@info.ro,6.38
518,210KH5,Cernescu,Nicusor Cosmin,1,B5,12-SEP-74,cernescu.nicusor@info.ro,6
519,228MK5,Maxim,Daria,2,A1,07-DEC-74,maxim.daria@info.ro,7.38
520,816VH2,Marton,Xena,1,B6,24-JUL-74,marton.xena@gmail.com,6.25
521,253FP8,Alexii,Andreia,2,B2,04-JAN-74,alexii.andreia@gmail.com,6.75
522,758PL8,Nica,Georgiana,1,B2,25-FEB-74,nica.georgiana@gmail.com,7.13
523,976HA4,Cebere,Rares,2,B6,16-MAY-74,cebere.rares@info.ro,7.06
524,786RZ8,Apostol,Dorian,1,A1,29-MAY-74,apostol.dorian@info.ro,8
525,525EB0,Ionesei,Andreia Monica,3,A6,16-OCT-74,ionesei.andreia@gmail.com,6.71
526,412YW1,Mihailescu,Vasile,1,A4,10-JAN-74,mihailescu.vasile@gmail.com,7.13
527,147JJ3,Rachieru,Florin Nicusor,3,B5,12-FEB-74,rachieru.florin@gmail.com,6.92
528,914JH2,Andronic,Loredana Teodora,3,B4,10-JUL-74,andronic.loredana@gmail.com,6.54
529,615AS1,Micu,Romanescu Giani,3,B3,10-JUL-74,micu.romanescu@info.ro,6.71
530,554NE2,Robu,Bianca Paula,2,B4,31-OCT-74,robu.bianca@gmail.com,7.38
531,422HV5,Vinatoru,Codrina Elisa,3,B1,23-OCT-74,vinatoru.codrina@info.ro,6.79
532,198GR3,Cazamir,Gabriela Mirela,1,B3,24-NOV-74,cazamir.gabriela@gmail.com,6.75
533,854CV7,Cazamir,Ionut,2,B1,10-DEC-74,cazamir.ionut@gmail.com,7.06
534,665DR4,Dragomir,Larisa Simona,2,A1,08-NOV-74,dragomir.larisa@gmail.com,7.75
535,808ZU5,Poenariu,Iulia,2,B1,22-AUG-74,poenariu.iulia@gmail.com,6.63
536,303AP5,Giurgila,Alexandru,3,B5,10-JUL-74,giurgila.alexandru@info.ro,6.13
537,453UW6,Avadanei,Dorian Emil,3,B6,06-MAY-74,avadanei.dorian@gmail.com,6.04
538,948IP4,Mihalcea,Dorin Iosif,3,B2,05-OCT-74,mihalcea.dorin@gmail.com,6.21
539,281KH4,Manole,Loredana,3,A4,25-AUG-74,manole.loredana@gmail.com,6.71
540,420RY1,Dragomir,Codrin Stefan,1,B4,21-AUG-74,dragomir.codrin@gmail.com,6.25
541,943EB5,Maftei,Tamara,2,A6,14-JUL-74,maftei.tamara@gmail.com,7.31
542,221PZ6,Chicos,Danut,1,B6,05-JUN-74,chicos.danut@info.ro,7
543,270NE6,Leustean,Nicolae George,3,A6,27-DEC-74,leustean.nicolae@info.ro,6.13
544,706DQ0,Stolniceanu,Eusebiu Sergiu,3,A6,05-APR-74,stolniceanu.eusebiu@info.ro,7.04
545,185LR8,Opariuc,Daria Anca,1,B2,13-JUN-74,opariuc.daria@gmail.com,8
546,565WO1,Cehan,Dorian,2,B6,13-AUG-74,cehan.dorian@gmail.com,7.31
547,476DE6,Asaftei,Radu Codrin,2,B2,03-JUL-74,asaftei.radu@gmail.com,7.56
548,900JK7,Razvan,Ilona Denisa,3,A6,17-MAY-74,razvan.ilona@gmail.com,6.13
549,783QU5,Leustean,Iulia Manuela,3,B6,09-APR-74,leustean.iulia@gmail.com,7.33
550,480TR0,Leuciuc,Sergiu,1,B1,17-APR-74,leuciuc.sergiu@gmail.com,7.5
551,281AG2,Hostiuc,Nicusor Danut,2,B1,10-NOV-74,hostiuc.nicusor@info.ro,6.81
552,249IX0,Asaftei,Alin Mihail,1,B2,29-APR-74,asaftei.alin@info.ro,7.13
553,951BP4,Chistol,Ilona Diana,2,A2,17-JAN-74,chistol.ilona@info.ro,6.31
554,361IZ1,Clim,Lucian,2,B3,20-DEC-74,clim.lucian@info.ro,6.81
555,676ZJ3,Palihovici,Elena,2,B1,16-JUL-74,palihovici.elena@info.ro,6.88
556,727PB2,Talif,Petrut Mihai,3,B4,24-APR-74,talif.petrut@gmail.com,6.33
557,259XW3,Ilie,Samuel Stefan,1,B3,02-MAY-74,ilie.samuel@gmail.com,6.5
558,658EP0,Riscanu,Iulia Tamara,3,A6,19-OCT-74,riscanu.iulia@gmail.com,6.58
559,860HE3,Morarescu,Antonia Daria,3,A2,10-MAY-74,morarescu.antonia@gmail.com,6.46
560,874GE8,Bradea,Delia,1,A2,10-NOV-74,bradea.delia@gmail.com,7.25
561,813FA4,Hociung,Emil Laurentiu,3,B2,16-JAN-74,hociung.emil@gmail.com,6.04
562,174VG8,Apetrei,Alexandra,1,B5,01-FEB-74,apetrei.alexandra@gmail.com,6.63
563,590YI3,Trifan,Petru Razvan,3,B1,08-AUG-74,trifan.petru@info.ro,6.63
564,146HQ0,Dragoman,Ilona Teodora,1,B2,08-DEC-74,dragoman.ilona@info.ro,6.5
565,327WR3,Soficu,Paula,3,B2,24-NOV-74,soficu.paula@gmail.com,5.92
566,119WQ6,Popescu,Irina Ileana,1,A3,29-NOV-74,popescu.irina@gmail.com,8
567,635KL2,Banu,Ion Constantin,1,A2,08-FEB-74,banu.ion@gmail.com,7.75
568,818GA5,Eduard,Sabina Malina,1,A1,04-MAR-74,eduard.sabina@info.ro,6.5
569,241XO3,Olanuta,Ionel Teofil,2,B3,22-APR-74,olanuta.ionel@gmail.com,7.94
570,598FF8,Cojocariu,Mihaela,1,A6,15-MAY-74,cojocariu.mihaela@gmail.com,7.13
571,324LT6,Birsanu,Emanuela,2,B6,07-JUL-74,birsanu.emanuela@info.ro,6.44
572,877SL3,Andronic,Danut,2,B2,28-JUL-74,andronic.danut@gmail.com,6.75
573,835RI0,Ionesi,Manuela Oana,3,B2,24-OCT-74,ionesi.manuela@gmail.com,6.71
574,292SK7,Gherman,Mihaela Bianca,3,B6,07-MAR-74,gherman.mihaela@info.ro,6.46
575,460SX7,Miron,Razvan Ervin,3,B3,28-NOV-74,miron.razvan@info.ro,6.83
576,156OC8,Chile,Maria,1,A4,05-JUL-74,chile.maria@info.ro,9.38
577,275PI6,Duceac,Daria Petruta,1,A2,28-MAR-74,duceac.daria@info.ro,7.63
578,910HH4,Toncu,Ion Roland,3,A3,12-NOV-74,toncu.ion@info.ro,6.46
579,585BG3,Baetu,Andra Maria,2,A6,28-MAR-74,baetu.andra@gmail.com,7.38
580,779KU7,Gherca,Ilona,3,A3,19-FEB-74,gherca.ilona@gmail.com,6.67
581,511PS4,Mazur,Teodora Delia,1,A6,02-DEC-74,mazur.teodora@gmail.com,7.25
582,230CH5,Chelmus,Dragos Adrian,3,B3,01-NOV-74,chelmus.dragos@gmail.com,7
583,504JS8,Matei,Nicu,3,B3,16-FEB-74,matei.nicu@info.ro,6.5
584,723OG3,Buza,Giulio,3,A3,24-OCT-74,buza.giulio@info.ro,6.29
585,987KV5,Sandulache,Elisa Antonia,2,B3,20-JUN-74,sandulache.elisa@info.ro,7.31
586,846BC0,Antonie,Stefana Andreea,3,A1,25-JUN-74,antonie.stefana@gmail.com,6.33
587,400XY4,Chilaboc,Dumitru Valeriu,2,B5,04-MAY-74,chilaboc.dumitru@gmail.com,7.5
588,289JX8,Mihailescu,Diana Sabina,2,A4,06-MAR-74,mihailescu.diana@gmail.com,6.75
589,592ZJ5,Onu,Irina,2,B4,11-NOV-74,onu.irina@gmail.com,6.88
590,719GZ3,Giurgila,Laurentiu Catalin,1,B3,24-FEB-74,giurgila.laurentiu@gmail.com,7.13
591,571JU6,Riza,Victor Camil,3,A2,30-SEP-74,riza.victor@gmail.com,6.29
592,657GM1,Filibiu,Mihail,3,B6,04-JUL-74,filibiu.mihail@gmail.com,7.17
593,916AH5,Trifan,Valeriu,3,A6,06-DEC-74,trifan.valeriu@info.ro,6.79
594,584AC5,Aungurenci,Richard,2,B4,21-JAN-74,aungurenci.richard@info.ro,7.5
595,936EW0,Matei,Iuliana Loredana,1,A2,28-APR-74,matei.iuliana@info.ro,8.13
596,644JZ5,Ionesi,Andreea,3,A3,17-MAY-74,ionesi.andreea@info.ro,6.42
597,943XA7,Lungu,Iustin Darius,3,A6,31-AUG-74,lungu.iustin@gmail.com,6.58
598,629DE0,Cebere,Filip Radu,1,A5,01-DEC-74,cebere.filip@info.ro,7
599,211NI3,Pantiruc,Larisa,2,A1,01-AUG-74,pantiruc.larisa@info.ro,7
600,140OO7,Macoveschi,Xena,3,B3,04-AUG-74,macoveschi.xena@info.ro,6.54
601,658CE3,Manolache,Denise Ioan,2,B5,20-MAY-74,manolache.denise@gmail.com,6.56
602,765CR4,Patachi,Iosif,2,B3,08-AUG-74,patachi.iosif@gmail.com,6.56
603,871QZ6,Ventaniuc,Ana,3,A3,09-MAR-74,ventaniuc.ana@gmail.com,6.13
604,681CK2,Chirila,Denisa Diana,1,A2,06-JUN-74,chirila.denisa@gmail.com,7.38
605,819RJ3,Turcu,Daniela Elisa,3,B6,22-JAN-74,turcu.daniela@info.ro,6.08
606,622BA8,Balan,Vasilica,2,A1,04-MAY-74,balan.vasilica@gmail.com,6.81
607,550FN5,Stoica,Andreas Adrian,3,A6,10-APR-74,stoica.andreas@gmail.com,5.67
608,875WR4,Lungu,Maria Cristina,1,B3,17-SEP-74,lungu.maria@info.ro,7.13
609,136LE5,Birsanu,Valeriu,2,B3,15-JAN-74,birsanu.valeriu@gmail.com,7.88
610,480AE0,Negrutu,Costel,3,B1,26-MAY-74,negrutu.costel@gmail.com,5.83
611,152BS3,Burloiu,Anca Ilona,3,A6,16-MAR-74,burloiu.anca@gmail.com,6.83
612,407UK7,Tudose,Dorin,3,B3,27-APR-74,tudose.dorin@gmail.com,6.42
613,550AT4,Matcovici,Madalina,2,B1,06-JAN-74,matcovici.madalina@info.ro,6.63
614,501FU8,Tuiu,Dumitru Florian,3,A4,14-DEC-74,tuiu.dumitru@gmail.com,6.67
615,910QF8,Braescu,Tamara Diana,2,B6,08-JUL-74,braescu.tamara@gmail.com,7.63
616,163MA1,Eduard,Iuliana Xena,1,A5,14-JUL-74,eduard.iuliana@info.ro,6.63
617,679BL2,Stiufliuc,Alexandra,2,A4,14-MAR-74,stiufliuc.alexandra@gmail.com,6.63
618,543QB8,Riza,Codrin,2,A5,08-JUL-74,riza.codrin@info.ro,6.19
619,619OW8,Predoaia,Eusebiu,2,B5,26-MAR-74,predoaia.eusebiu@gmail.com,6.94
620,325EV5,Cazamir,Laura Daria,3,A3,17-JAN-74,cazamir.laura@gmail.com,6.83
621,340EU0,Cazamir,Vlad Marian,1,A3,14-SEP-74,cazamir.vlad@gmail.com,7
622,767ZV3,Vasilache,Ervin,1,B6,04-SEP-74,vasilache.ervin@info.ro,7.13
623,306AJ0,Poputoaia,Paul Valeriu,2,A5,06-APR-74,poputoaia.paul@gmail.com,7
624,171SW4,Calinescu,Valeriu Iaroslav,1,A6,25-JAN-74,calinescu.valeriu@gmail.com,6.38
625,683XB0,Unghianu,Razvan Alin,2,A1,27-NOV-74,unghianu.razvan@gmail.com,7.31
626,129UK6,Covatariu,Victor Beniamin,1,A2,09-JUL-74,covatariu.victor@gmail.com,6.13
627,362RA2,Cehan,Larisa Denisa,2,B5,11-FEB-74,cehan.larisa@gmail.com,7.5
628,647XC4,Baciu,Sabina Ilona,3,A4,05-NOV-74,baciu.sabina@gmail.com,6.88
629,454II8,Tuiu,Eleonora,1,B4,26-JAN-74,tuiu.eleonora@gmail.com,6
630,521US5,Avadanei,Florian,3,A4,07-APR-74,avadanei.florian@gmail.com,6.75
631,543CI3,Gherase,Cezar Octavian,3,A5,07-MAR-74,gherase.cezar@gmail.com,6.17
632,165CT4,Silitra,Vladimir Silviu,3,B2,29-NOV-74,silitra.vladimir@gmail.com,6.58
633,788DU3,Luca,Vasile Andrei,3,A2,28-DEC-74,luca.vasile@info.ro,6.04
634,391AS1,Miron,Marius,1,A4,28-JUL-74,miron.marius@info.ro,7.75
635,663ZW4,Balica,Alina Emanuela,1,A6,23-JAN-74,balica.alina@gmail.com,7.75
636,623GC2,Gherca,Eleonora,3,A3,06-OCT-74,gherca.eleonora@info.ro,6.17
637,574SY7,Gurau,Anca,1,B6,17-MAY-74,gurau.anca@info.ro,8.63
638,374FF6,Dragomir,Theodora,3,B5,25-JAN-74,dragomir.theodora@gmail.com,6.5
639,988MJ0,Dodan,Eleonora Iuliana,3,B6,20-NOV-74,dodan.eleonora@gmail.com,6.5
640,949SW8,Crainiceanu,Irinel Damian,2,A3,14-JUL-74,crainiceanu.irinel@info.ro,6.94
641,869WA6,Patras,Eleonora,3,A1,11-OCT-74,patras.eleonora@info.ro,6.17
642,473QD8,Milut,Sabina Codrina,1,B5,03-MAY-74,milut.sabina@info.ro,7.25
643,374VD8,Popescu,Emanuela Elisa,1,A5,16-FEB-74,popescu.emanuela@gmail.com,6.38
644,525XK6,Insuratelu,Elena,3,B5,11-JAN-74,insuratelu.elena@gmail.com,6.17
645,279IT8,Jitca,Danut Constantin,2,B4,10-OCT-74,jitca.danut@gmail.com,6.81
646,423GT6,Mazur,Ileana Daria,2,A1,09-JUL-74,mazur.ileana@gmail.com,6.81
647,211ZW7,Ferestraoaru,Petruta Bianca,1,B1,04-JUN-74,ferestraoaru.petruta@gmail.com,7.38
648,956EJ7,Ostafe,Ion,3,B1,20-MAY-74,ostafe.ion@info.ro,6.29
649,936QP5,Ciornei,Bogdan,1,B1,20-FEB-74,ciornei.bogdan@gmail.com,8.25
650,502CJ8,Piriu,Dorin Daniel,3,A2,23-JUL-74,piriu.dorin@info.ro,6.13
651,626ZM0,Piriu,Irina,1,B2,14-SEP-74,piriu.irina@gmail.com,6
652,439OM6,Folvaiter,Elvis Bogdan,2,A6,16-AUG-74,folvaiter.elvis@gmail.com,7
653,590RN5,Leonte,Raluca Camelia,2,B5,21-OCT-74,leonte.raluca@gmail.com,7.44
654,276PM0,Lungu,Delia,2,A2,04-APR-74,lungu.delia@gmail.com,7.25
655,914UG1,Poputoaia,Teofil Samuel,3,B5,12-AUG-74,poputoaia.teofil@info.ro,6.08
656,982BX0,Mataca,Vasilica,1,B4,07-AUG-74,mataca.vasilica@gmail.com,7.25
657,997SI0,Vlad,Alexandra Iolanda,2,A2,06-MAY-74,vlad.alexandra@info.ro,6.88
658,111HM1,Alexii,Laura Alexandra,2,A3,08-DEC-74,alexii.laura@info.ro,7
659,213SV8,Ciofu,Nicu Daniel,3,A3,14-JAN-74,ciofu.nicu@gmail.com,6.21
660,400RJ0,Iovu,Anca Mirela,2,B3,28-JAN-74,iovu.anca@gmail.com,6.75
661,626LR1,Romanescu,Camil,2,B2,17-JUN-74,romanescu.camil@gmail.com,6.94
662,785FI7,Predoaia,Damian Dorian,3,A1,08-MAY-74,predoaia.damian@gmail.com,6.25
663,124US2,Iosub,Alin,3,B2,08-AUG-74,iosub.alin@info.ro,6.25
664,740FH4,Popescu,Loredana,3,B3,05-MAY-74,popescu.loredana@info.ro,6.38
665,879CC1,Riza,Stefania Ilona,2,B4,26-JAN-74,riza.stefania@info.ro,7.06
666,226VX5,Luncasu,Giulio Ionel,3,A3,03-JUN-74,luncasu.giulio@gmail.com,6.25
667,514DW6,Ursu,Theodor Constantin,3,A6,25-FEB-74,ursu.theodor@info.ro,6.46
668,116OR2,Marcu,Dorin Vladut,2,B3,12-DEC-74,marcu.dorin@info.ro,7.44
669,292ZP8,Stingaciu,Manuela Anca,2,B1,07-SEP-74,stingaciu.manuela@info.ro,7.06
670,472KA0,Andrei,Malina,1,B2,18-JUN-74,andrei.malina@gmail.com,6.88
671,653DE6,Duceac,Tamara Ema,3,A2,15-MAY-74,duceac.tamara@info.ro,6.92
672,593US8,Luncasu,Aurelian Theodor,3,A4,13-MAY-74,luncasu.aurelian@info.ro,6
673,606SM7,Mihailescu,Laura,1,B4,01-MAY-74,mihailescu.laura@gmail.com,8.13
674,155UC1,Damoc,Marian Codrin,2,A1,06-MAY-74,damoc.marian@gmail.com,7.19
675,239WD7,Manolache,Ionut,3,B3,10-NOV-74,manolache.ionut@info.ro,7.13
676,352RT4,Prodan,Malina Iulia,1,B5,29-MAY-74,prodan.malina@gmail.com,6.88
677,638TV4,Varteniuc,Cristina,1,A5,05-JAN-74,varteniuc.cristina@info.ro,7.38
678,475EC7,Marton,Sabina Tamara,3,B2,16-FEB-74,marton.sabina@gmail.com,6.46
679,160JR2,Sandu,Anda Andreea,3,A3,04-DEC-74,sandu.anda@gmail.com,6.42
680,257EP3,Macariu,Madalina,3,A6,11-OCT-74,macariu.madalina@info.ro,6.46
681,380DE6,Chistol,Silviu Costel,1,A3,25-JUL-74,chistol.silviu@gmail.com,6.13
682,694KH6,Onu,Gabriel,3,B3,14-APR-74,onu.gabriel@info.ro,7.46
683,805UC8,Matrana,Antonia Anca,3,B1,27-JUN-74,matrana.antonia@info.ro,6.46
684,668AB4,Stingaciu,Sanziana,1,A2,26-NOV-74,stingaciu.sanziana@info.ro,6.63
685,731CI4,Toncu,Vlad Eugen,3,B2,08-DEC-74,toncu.vlad@gmail.com,6.38
686,193ST3,Vicol,Ana,1,B4,25-APR-74,vicol.ana@gmail.com,7.5
687,413SJ7,Filibiu,Teofil Vasile,1,B6,12-AUG-74,filibiu.teofil@info.ro,8.25
688,453YQ8,Vrabie,Ilona Simina,1,B4,08-NOV-74,vrabie.ilona@info.ro,6.5
689,618FH8,Hutanu,Elisa,1,B6,19-OCT-74,hutanu.elisa@info.ro,7.25
690,827VG7,Huzum,Laurentiu Radu,1,B3,14-DEC-74,huzum.laurentiu@gmail.com,7
691,578QB8,Morosanu,Sergiu Giulio,3,A6,01-SEP-74,morosanu.sergiu@gmail.com,5.96
692,177JR0,Benchea,Eleonora,3,B6,21-FEB-74,benchea.eleonora@info.ro,6.79
693,935LL7,Predoaia,Cezar Sabin,2,A5,06-MAR-74,predoaia.cezar@gmail.com,6.81
694,811MW5,Simionescu,Nicolae,1,A4,03-APR-74,simionescu.nicolae@gmail.com,7.75
695,611XX1,Burlacu,Teodora Adina,3,B4,20-JAN-74,burlacu.teodora@gmail.com,6.83
696,677SG0,Dobos,Laura Oana,1,A3,05-AUG-74,dobos.laura@info.ro,7.88
697,810JK0,Coseru,Stefan,2,B5,01-JUN-74,coseru.stefan@info.ro,6.94
698,623GM4,Stoica,Aurelian Dan,2,A4,30-SEP-74,stoica.aurelian@gmail.com,7.13
699,427KN4,Dogaru,Ilona,1,B6,22-JAN-74,dogaru.ilona@info.ro,6.38
700,244YZ0,Leuciuc,Beniamin Aurelian,1,B6,07-FEB-74,leuciuc.beniamin@gmail.com,6.63
701,143SX3,Ungureanu,Laurentiu Eugen,1,B1,18-FEB-74,ungureanu.laurentiu@gmail.com,7.75
702,704GT2,Robu,Larisa,2,B3,16-OCT-74,robu.larisa@info.ro,6.06
703,437IU3,Fedeles,Ana Monica,3,B4,18-APR-74,fedeles.ana@gmail.com,6.71
704,154JD1,Reut,Stefana,1,A1,21-MAR-74,reut.stefana@info.ro,6.38
705,450WX4,Balan,Emma Petruta,3,B2,16-OCT-74,balan.emma@info.ro,6.42
706,371LD7,Cumpata,Eusebiu,2,B3,29-OCT-74,cumpata.eusebiu@info.ro,7.75
707,267MV1,Bradea,Ionut Ervin,2,B6,08-AUG-74,bradea.ionut@gmail.com,7.63
708,430FJ5,Motrescu,Iustin Sergiu,2,B5,01-JUN-74,motrescu.iustin@info.ro,6.88
709,438ZQ1,Zazuleac,Alin Beniamin,3,A2,06-MAY-74,zazuleac.alin@info.ro,6.54
710,604EA8,Iacob,Ionut Ciprian,3,B1,11-JAN-74,iacob.ionut@info.ro,6.46
711,982LN1,Herscovici,Victor Liviu,1,B5,17-JUN-74,herscovici.victor@info.ro,6.75
712,452UL8,Corodescu,Cosmin Robert,3,A2,03-MAR-74,corodescu.cosmin@info.ro,6.46
713,276BW1,Grigore,Andreia,3,A2,03-NOV-74,grigore.andreia@gmail.com,6.83
714,252OU0,Haba,Codrin Vlad,2,B2,05-NOV-74,haba.codrin@gmail.com,7.81
715,439ZN3,Grigore,Nicolae,2,A4,09-SEP-74,grigore.nicolae@info.ro,8.19
716,624JV8,Harpa,Andreia,1,B1,19-MAR-74,harpa.andreia@info.ro,7.25
717,342QW3,Dogaru,Raluca,2,B1,26-MAY-74,dogaru.raluca@info.ro,6.88
718,451VD5,Alexandru,Alexandra Bianca,1,A5,17-SEP-74,alexandru.alexandra@gmail.com,7.5
719,403UB5,Stingaciu,Adina Antonia,1,B1,28-SEP-74,stingaciu.adina@gmail.com,6.13
720,397LF3,Maftei,Sanziana Xena,1,A6,06-JUL-74,maftei.sanziana@info.ro,7.13
721,112JL3,Goldan,Camelia Eleonora,2,A6,27-MAR-74,goldan.camelia@info.ro,6.19
722,206EY4,Gavrilovici,Ion,1,B6,08-SEP-74,gavrilovici.ion@gmail.com,6.38
723,166OE5,Chicos,Razvan Laurentiu,1,B5,25-JUL-74,chicos.razvan@gmail.com,8.25
724,739SQ8,Mihai,Nicu,2,B2,13-SEP-74,mihai.nicu@gmail.com,7.19
725,242XK1,Milut,Dumitru Romanescu,2,A2,17-MAR-74,milut.dumitru@info.ro,6.13
726,604MJ6,Chelaru,Filip Paul,1,A5,20-OCT-74,chelaru.filip@info.ro,6.88
727,190GL8,Vasiliu,Lucian Gheorghe,1,A1,11-OCT-74,vasiliu.lucian@info.ro,7.25
728,405XV0,Frumosu,Costel Emil,1,B1,28-FEB-74,frumosu.costel@info.ro,7.25
729,410LR5,Stiufliuc,Oana Vasilica,2,B3,21-FEB-74,stiufliuc.oana@gmail.com,6.75
730,169UP7,Sofian,Simina Ileana,1,B4,24-FEB-74,sofian.simina@gmail.com,7.25
731,633GF4,Caraiman,Bianca Theodora,1,A6,14-NOV-74,caraiman.bianca@gmail.com,6.5
732,459DN6,Corciu,Emil Victor,3,B5,18-JUN-74,corciu.emil@info.ro,6
733,845AW3,Mazareanu,Adrian Sabin,3,B4,29-MAR-74,mazareanu.adrian@gmail.com,6.79
734,865BQ6,Lungeanu,Daria Claudia,1,B2,21-MAY-74,lungeanu.daria@info.ro,6.13
735,652SU6,Damoc,Sabin,3,A4,20-SEP-74,damoc.sabin@info.ro,5.92
736,997QM0,Matrana,Liviu,2,B4,16-OCT-74,matrana.liviu@info.ro,6.94
737,784EM0,Ghibirdic,Monica Bianca,3,A2,02-FEB-74,ghibirdic.monica@info.ro,6.25
738,944HP7,Dragomir,Dragos Denise,3,B4,16-OCT-74,dragomir.dragos@info.ro,6.42
739,488IB1,Dochitei,Anda Ilona,2,B1,22-NOV-74,dochitei.anda@gmail.com,6.56
740,744NP3,Podaru,Antonia,2,A1,23-JUL-74,podaru.antonia@gmail.com,7.44
741,455PE1,Ghergu,Laura Andra,3,B2,07-JAN-74,ghergu.laura@info.ro,6.88
742,423FX3,Agape,Laura Alina,1,B2,28-SEP-74,agape.laura@info.ro,7.25
743,100MJ0,Luca,Irinel,1,B6,08-OCT-74,luca.irinel@info.ro,8.25
744,233KM3,Negrutu,Nicolae,2,A3,24-MAR-74,negrutu.nicolae@gmail.com,8.19
745,544FW3,Ursachi,Stefania,1,A5,03-JUN-74,ursachi.stefania@info.ro,8.13
746,628JN1,Andrei,Florian Andrei,1,A2,18-AUG-74,andrei.florian@info.ro,5.88
747,513JP5,Cazamir,Ilona,1,B5,09-JUL-74,cazamir.ilona@gmail.com,6.5
748,587AF6,Ventaniuc,Eleonora Sanziana,2,B2,04-SEP-74,ventaniuc.eleonora@gmail.com,6.94
749,208FW0,Dochitoiu,Delia Simona,2,A4,25-JUN-74,dochitoiu.delia@info.ro,7.44
750,655TA7,Moniry-abyaneh,Tamara,2,B3,08-FEB-74,moniry-abyaneh.tamara@info.ro,7.31
751,771WR3,Scurtu,Alex,1,A4,16-JAN-74,scurtu.alex@gmail.com,8.25
752,839WS1,Negrus,Nicu,3,B5,16-FEB-74,negrus.nicu@info.ro,6.29
753,442ZD8,Arteni,Alin Ervin,3,B3,01-NOV-74,arteni.alin@info.ro,5.92
754,293NZ2,Stoica,Fabian Darius,1,B1,05-JUL-74,stoica.fabian@info.ro,7.63
755,563KZ1,Lucaci,Vlad,1,A3,26-JUL-74,lucaci.vlad@info.ro,6.25
756,594XC0,Ichim,Filip Liviu,3,A2,09-JUL-74,ichim.filip@gmail.com,6.5
757,959ZV7,Luca,Vasile Silviu,1,A5,15-FEB-74,luca.vasile@info.ro,8.13
758,596MQ8,Agafitei,Nicu,2,B2,20-SEP-74,agafitei.nicu@gmail.com,6.63
759,908BO4,Miron,Alin Beniamin,1,B4,13-JUL-74,miron.alin@info.ro,6.5
760,123PK1,Pojar,Sanziana,1,A5,06-JAN-74,pojar.sanziana@gmail.com,7.25
761,464QL6,Vrabie,Emil Stefan,2,A4,11-DEC-74,vrabie.emil@gmail.com,6.5
762,611FT1,Ciobanu,Monica Sabina,1,B4,26-MAR-74,ciobanu.monica@gmail.com,6.75
763,863YY8,Catonoiu,Bianca Raluca,2,A3,23-OCT-74,catonoiu.bianca@info.ro,6.94
764,277GJ6,Dragomirescu,Mihail Teofil,2,A4,01-AUG-74,dragomirescu.mihail@gmail.com,7.56
765,561JC7,Olanuta,Ilie Samuel,1,B3,09-MAR-74,olanuta.ilie@info.ro,7.75
766,960UZ5,Cojocaru,Iulian Robert,1,B2,02-OCT-74,cojocaru.iulian@info.ro,8.25
767,334ZS8,Calancea,Petrut George,2,B3,02-FEB-74,calancea.petrut@gmail.com,6.63
768,308MS4,Budaca,Vasile Dumitru,3,B6,09-JUL-74,budaca.vasile@info.ro,6.54
769,904WV2,Maties,Rares Marian,3,B1,06-DEC-74,maties.rares@gmail.com,6.21
770,526IC3,Lungu,Petruta Gabriela,1,A5,01-APR-74,lungu.petruta@gmail.com,7.88
771,331DA2,Motrescu,Eleonora,1,A6,05-SEP-74,motrescu.eleonora@info.ro,6.88
772,680JP5,Alexe,Andreea Camelia,1,B6,10-OCT-74,alexe.andreea@gmail.com,6.63
773,443KJ8,Bizu,Vlad Marian,3,B4,04-NOV-74,bizu.vlad@info.ro,6.63
774,366IO7,Boistean,Iulia Ioana,3,B6,27-JUL-74,boistean.iulia@gmail.com,7.33
775,398JU0,Mutescu,Iolanda,2,B2,13-DEC-74,mutescu.iolanda@gmail.com,7.06
776,127ET2,Hociung,Valentin,1,B2,01-NOV-74,hociung.valentin@info.ro,6
777,580ZD5,Plugariu,Madalina Ileana,3,B1,11-APR-74,plugariu.madalina@gmail.com,6.54
778,489XK3,Crucerescu,Andrei Robert,3,B2,27-FEB-74,crucerescu.andrei@info.ro,6.21
779,918TS0,Vasiliu,Stefana Maria,2,A2,03-DEC-74,vasiliu.stefana@gmail.com,7.06
780,774UF8,Harpa,Fabian,2,A6,03-APR-74,harpa.fabian@gmail.com,7.44
781,158OZ2,Tudosa,Iolanda,3,A2,20-DEC-74,tudosa.iolanda@gmail.com,5.67
782,263PY7,Chelmus,Theodor,3,B6,29-MAY-74,chelmus.theodor@gmail.com,6.33
783,129EN8,Timofte,Dumitru,2,A5,01-DEC-74,timofte.dumitru@info.ro,7.19
784,998BY1,Bejenaru,Aurelian Teodor,1,B5,11-FEB-74,bejenaru.aurelian@gmail.com,7.25
785,395AM2,Ciobanu,Madalina,3,A4,24-NOV-74,ciobanu.madalina@gmail.com,6.13
786,914PI3,Olaru,Tudor Samuel,3,B1,29-DEC-74,olaru.tudor@gmail.com,6.92
787,710AY3,Filimon,Laurentiu Denise,2,B2,22-APR-74,filimon.laurentiu@info.ro,7.31
788,934IS4,Butacu,Camil,2,A2,22-SEP-74,butacu.camil@info.ro,6.69
789,777GU7,Macariu,Ileana Sanziana,2,A5,16-APR-74,macariu.ileana@gmail.com,6.81
790,345BY6,Riza,Vladimir,3,A2,30-JUL-74,riza.vladimir@gmail.com,6.58
791,169TR6,Tabusca,Simona,3,A1,22-FEB-74,tabusca.simona@gmail.com,6.54
792,708SJ3,Leon,Cristina,3,B1,06-DEC-74,leon.cristina@gmail.com,6.63
793,107MO3,Chelmu,Diana Larisa,3,A6,27-MAY-74,chelmu.diana@gmail.com,6.08
794,869XJ8,Chilaboc,Vasilica Madalina,3,B6,25-AUG-74,chilaboc.vasilica@gmail.com,6.04
795,119VR8,Trifan,Ana Ema,1,A2,23-MAR-74,trifan.ana@info.ro,7.25
796,977XH2,Tifrea,Ervin,3,A2,08-MAY-74,tifrea.ervin@info.ro,6.38
797,492IG7,Tirpescu,Iolanda,1,B2,09-JAN-74,tirpescu.iolanda@gmail.com,6.75
798,771ZY8,Negrutu,Laura Anda,3,B2,28-DEC-74,negrutu.laura@info.ro,5.92
799,914RB4,Nechita,Constantin Giulio,2,A2,27-MAY-74,nechita.constantin@info.ro,6.63
800,565YO2,Apetrei,Lucian Teofil,2,B3,03-JAN-74,apetrei.lucian@info.ro,6.94
801,667EO0,Ciobanu,Alex,2,A3,09-SEP-74,ciobanu.alex@info.ro,6.88
802,830DO0,Moscu,Irina,1,A4,18-JAN-74,moscu.irina@info.ro,6.13
803,913TY0,Suhani,Ileana,2,B6,15-SEP-74,suhani.ileana@gmail.com,6.88
804,301QE1,Marcu,Silviu Constantin,1,A3,23-NOV-74,marcu.silviu@info.ro,7.63
805,113UL6,Nemtoc,Antonia,2,A4,05-MAR-74,nemtoc.antonia@info.ro,6.75
806,756FI8,Gurau,Petrut Vadim,3,B4,27-MAY-74,gurau.petrut@gmail.com,6.54
807,909GG2,Miron,Victor Liviu,2,B5,24-NOV-74,miron.victor@gmail.com,6.88
808,896KR4,Cozmiuc,Alin,3,B4,22-NOV-74,cozmiuc.alin@gmail.com,6.17
809,763YZ3,Simion,Theodora,1,A2,11-AUG-74,simion.theodora@gmail.com,7.25
810,438MW0,Barzu,Andrei Valentin,3,B2,18-DEC-74,barzu.andrei@gmail.com,6.58
811,633OQ7,Varteniuc,Iolanda Claudia,3,A5,14-SEP-74,varteniuc.iolanda@gmail.com,6.46
812,803YW6,Voaides,Costel,1,B6,01-JAN-74,voaides.costel@info.ro,7.63
813,303VC2,Prisecaru,Camil Victor,3,B6,23-MAR-74,prisecaru.camil@info.ro,6.75
814,508AM7,Robu,Elisa Daniela,3,A4,06-JUN-74,robu.elisa@gmail.com,6.79
815,914BD7,Lates,Irina,1,A1,03-OCT-74,lates.irina@gmail.com,7.13
816,537TP0,Bulai,Monica Diana,3,A6,16-MAY-74,bulai.monica@gmail.com,6.63
817,417PM3,Prisecaru,Mihail,3,A4,18-AUG-74,prisecaru.mihail@gmail.com,6.46
818,714PH8,Bivol,Ionel,2,B1,26-MAY-74,bivol.ionel@gmail.com,6.75
819,414LE2,Chicos,Theodora Ana,3,B6,16-NOV-74,chicos.theodora@info.ro,6.13
820,197NY5,Pantiruc,Iosif Irinel,1,A5,29-AUG-74,pantiruc.iosif@gmail.com,7.38
821,584ZA7,Simon,Vadim,2,B6,02-OCT-74,simon.vadim@info.ro,7.13
822,792GH3,Lupu,Andreia Gabriela,1,B5,07-NOV-74,lupu.andreia@info.ro,6.25
823,814KK7,Musca,Xena Antonia,3,A5,30-NOV-74,musca.xena@info.ro,6
824,518LA8,Oprea,Denisa,3,A5,02-SEP-74,oprea.denisa@gmail.com,7.04
825,225MG4,Rosca,Adrian,3,B1,18-DEC-74,rosca.adrian@gmail.com,7.13
826,894RJ2,Morosanu,Eduard Dimitrie,2,B1,06-SEP-74,morosanu.eduard@gmail.com,7.44
827,709ZF3,Cazacu,Sabin Petrut,3,B4,13-JAN-74,cazacu.sabin@info.ro,7.17
828,165PZ0,Daneliuc,Tamara,2,A3,09-MAR-74,daneliuc.tamara@gmail.com,6.44
829,974SO1,Chelaru,Robert Ervin,3,A4,06-OCT-74,chelaru.robert@gmail.com,6.58
830,879FC5,Stiufliuc,Manuela Codrina,1,B5,20-NOV-74,stiufliuc.manuela@gmail.com,6.75
831,325QF5,Boca,Simona Andreia,1,A5,23-AUG-74,boca.simona@info.ro,6.88
832,254JJ2,Capusneanu,Vasilica,1,A3,31-AUG-74,capusneanu.vasilica@gmail.com,7.38
833,713VP8,Corciu,Petrut,3,A1,23-SEP-74,corciu.petrut@info.ro,6.63
834,658VR2,Mihai,Iulia,2,A3,03-AUG-74,mihai.iulia@info.ro,7.5
835,920NI2,Patras,Alin Eduard,3,B4,23-JUL-74,patras.alin@info.ro,6.08
836,176HI6,Vinatoru,Sebastian Radu,3,A1,16-JUN-74,vinatoru.sebastian@info.ro,6.96
837,960AB8,Macariu,Xena Adina,2,A1,28-DEC-74,macariu.xena@gmail.com,7.69
838,532KX1,Mutescu,Andreas,2,B1,31-JUL-74,mutescu.andreas@gmail.com,6.56
839,777ZG5,Anita,Petrut,3,A1,24-MAY-74,anita.petrut@gmail.com,6.79
840,117QU3,Corduneanu,Vladut Rolland,1,A5,27-JAN-74,corduneanu.vladut@info.ro,7
841,306UK8,Mihai,Andreia,1,A3,08-SEP-74,mihai.andreia@info.ro,6.75
842,439SU8,Cazamir,Teodora Andra,2,A2,07-MAY-74,cazamir.teodora@gmail.com,6.81
843,432ZW4,Buza,Alin Dimitrie,2,A3,03-DEC-74,buza.alin@gmail.com,7.25
844,867XO7,Borcan,Laura Claudia,2,A6,14-MAY-74,borcan.laura@info.ro,6.75
845,766FE1,Dragomirescu,Ana,2,A2,30-NOV-74,dragomirescu.ana@info.ro,6.63
846,247MX2,Damian,Xena Paula,3,A6,04-JUN-74,damian.xena@gmail.com,6.25
847,304LC4,Dobos,Larisa,2,B6,22-JUL-74,dobos.larisa@gmail.com,7
848,731WQ5,Marton,Ion Corneliu,3,A3,01-MAR-74,marton.ion@gmail.com,6.75
849,180IU7,Iordache,Anca Daniela,2,B6,18-APR-74,iordache.anca@info.ro,6.81
850,334NH6,Olaru,Ana Bianca,3,A5,19-JUL-74,olaru.ana@gmail.com,6.79
851,224DH3,Popovici,Rolland,1,A3,02-JAN-74,popovici.rolland@info.ro,6.5
852,558QC3,Giurgila,Cezar Mihail,1,A2,19-MAY-74,giurgila.cezar@info.ro,8
853,620BZ5,Ichim,Eleonora Loredana,1,B5,31-JUL-74,ichim.eleonora@gmail.com,6.38
854,191HT5,Silitra,Sebastian Silviu,3,B1,23-JUL-74,silitra.sebastian@gmail.com,6.17
855,636BL8,Timofte,Florian,1,A2,13-MAR-74,timofte.florian@info.ro,7.88
856,992KE1,Savescu,Alina,2,A6,30-SEP-74,savescu.alina@info.ro,6.44
857,502IQ0,Stiufliuc,Marius,1,A3,15-SEP-74,stiufliuc.marius@info.ro,7.5
858,840ZN6,Poenariu,Codrina Maria,2,A6,04-FEB-74,poenariu.codrina@gmail.com,7.19
859,336UE7,Iordache-tiroiu,Florian Marian,3,A3,09-JUN-74,iordache-tiroiu.florian@info.ro,6.54
860,477UJ2,Plugariu,Denisa Elena,2,A2,19-MAY-74,plugariu.denisa@info.ro,8
861,245RY7,Stingaciu,Iustin,2,A2,26-FEB-74,stingaciu.iustin@info.ro,6.88
862,533JF4,Ilie,Octavian,3,A4,26-AUG-74,ilie.octavian@info.ro,6.25
863,429OI5,Filibiu,Alina Loredana,2,A2,17-APR-74,filibiu.alina@gmail.com,7.56
864,615IO8,Ungureanu,Cezar,3,A1,25-OCT-74,ungureanu.cezar@info.ro,6.67
865,367XA0,Stavarache,Laurentiu Dumitru,1,B6,30-APR-74,stavarache.laurentiu@gmail.com,7.75
866,176CM2,Mazilu,Sabin Fabian,1,A6,30-MAY-74,mazilu.sabin@gmail.com,6.88
867,384GG2,Chelmu,Eusebiu,3,B2,25-MAR-74,chelmu.eusebiu@info.ro,6.46
868,824VE7,Cimpoesu,Constantin Romanescu,2,B2,09-JUN-74,cimpoesu.constantin@gmail.com,6.81
869,821VX1,Ivascu,Dan Ervin,2,A3,06-JUN-74,ivascu.dan@gmail.com,6.94
870,324TG4,Perju,Tamara Daria,1,A1,24-SEP-74,perju.tamara@info.ro,5.38
871,506WU1,Mihalcea,Romanescu,3,B5,23-DEC-74,mihalcea.romanescu@info.ro,6.63
872,816NP6,Corciu,Matei,3,B5,10-MAR-74,corciu.matei@info.ro,6.58
873,976UA2,Luncasu,Maria Teodora,2,B1,07-OCT-74,luncasu.maria@gmail.com,6.63
874,118VI3,Vasilache,Raluca,2,B3,12-JUN-74,vasilache.raluca@gmail.com,6.31
875,200SH0,Filip,Daria,3,B2,03-JUN-74,filip.daria@gmail.com,7
876,434WC4,Tesu,Laura,1,B6,25-DEC-74,tesu.laura@gmail.com,6.88
877,218JB1,Carbune,Ilona Gabriela,3,B1,28-MAR-74,carbune.ilona@gmail.com,6.42
878,737MN5,Petcu,Victor Vadim,2,A2,06-JUN-74,petcu.victor@gmail.com,6.5
879,796TN0,Popa,Gabriela,2,A4,11-AUG-74,popa.gabriela@gmail.com,7.5
880,774CN6,Scurtu,Cristina Stefania,3,B5,04-DEC-74,scurtu.cristina@gmail.com,6
881,794NA0,Bilan,Laurentiu Eusebiu,3,A3,13-MAR-74,bilan.laurentiu@gmail.com,5.92
882,732QN5,Scortanu,Vasilica Stefana,2,A2,01-SEP-74,scortanu.vasilica@info.ro,7.69
883,721IG5,Ababei,Alex,2,B4,21-MAY-74,ababei.alex@info.ro,7.5
884,246LZ3,Asaftei,Teofil,3,B5,24-JUL-74,asaftei.teofil@info.ro,6.08
885,983DU3,Gitlan,Teodor Alexandru,3,A6,02-AUG-74,gitlan.teodor@info.ro,7.08
886,108MQ5,Dragoman,Gabriel Ion,1,B3,28-JUN-74,dragoman.gabriel@gmail.com,7.63
887,111OV1,Luncasu,Razvan Ion,1,A1,15-MAR-74,luncasu.razvan@gmail.com,6
888,730UI1,Sparhat,Ovidiu Sergiu,2,B3,29-OCT-74,sparhat.ovidiu@info.ro,7.19
889,587AC3,Damian,Ionut Costel,3,A5,24-MAY-74,damian.ionut@gmail.com,6.63
890,265EP7,Darie,Gabriela,2,A2,05-NOV-74,darie.gabriela@gmail.com,7.56
891,488QX2,Strimtu,Irinel Ovidiu,3,B2,14-MAY-74,strimtu.irinel@info.ro,6.33
892,490ON3,Amarghioalei,Malina,3,B5,24-APR-74,amarghioalei.malina@gmail.com,6.13
893,749DD2,Pascaru,Valeriu Vlad,2,A1,12-OCT-74,pascaru.valeriu@gmail.com,6.81
894,966RR3,Tincu,Mihaela Ilona,2,B5,20-JUN-74,tincu.mihaela@info.ro,7.25
895,387ZO4,Olaru,Petruta,1,B2,02-MAY-74,olaru.petruta@info.ro,6.63
896,104TL8,Pascaru,Manuela Andreia,2,A4,20-APR-74,pascaru.manuela@gmail.com,7.38
897,789KR3,Daneliuc,Ionel,3,A4,28-MAY-74,daneliuc.ionel@gmail.com,6.25
898,915OI6,Andonesei,Samuel Ovidiu,1,B1,13-APR-74,andonesei.samuel@gmail.com,7.88
899,991AO3,Amarghioalei,Georgiana Teodora,2,A3,17-MAY-74,amarghioalei.georgiana@info.ro,7.56
900,433YW1,Barbieru,Camil Ervin,1,A5,04-OCT-74,barbieru.camil@info.ro,6.5
901,443MQ8,Pintilie,Andreas,2,B5,16-MAR-74,pintilie.andreas@gmail.com,6.56
902,261JI1,Pintilie,Vladimir,2,A3,19-SEP-74,pintilie.vladimir@info.ro,6.63
903,857WA0,Toma,Eusebiu,3,B2,23-AUG-74,toma.eusebiu@info.ro,6.33
904,146WE0,Rusu,Ionut Corneliu,1,A1,17-JUN-74,rusu.ionut@info.ro,7
905,417QD1,Cosnita,Ema,2,B2,08-SEP-74,cosnita.ema@gmail.com,6.94
906,369OA7,Onu,Alexandra,3,A1,02-JAN-74,onu.alexandra@gmail.com,7.13
907,663OM7,Filibiu,Emma Ema,3,A5,30-JUL-74,filibiu.emma@gmail.com,6.17
908,539KG4,Barbieru,Catalin Filip,2,B6,31-DEC-74,barbieru.catalin@gmail.com,7
909,258CL4,Minuti,Mihail,1,A1,10-AUG-74,minuti.mihail@gmail.com,6.75
910,780UJ7,Arteni,Damian Sergiu,3,B4,27-JUN-74,arteni.damian@gmail.com,7.08
911,915LA7,Filip,Stefana Mirela,2,A2,29-DEC-74,filip.stefana@gmail.com,7.88
912,183JU5,Moisa,Cristina,2,B4,26-NOV-74,moisa.cristina@info.ro,8.06
913,264YI5,Bulai,Marian Constantin,1,A1,12-APR-74,bulai.marian@gmail.com,6.75
914,582SO2,Simon,Malina,3,B6,09-APR-74,simon.malina@info.ro,6.58
915,546KJ3,Macoveschi,Silviu George,1,A6,26-MAR-74,macoveschi.silviu@gmail.com,7.38
916,506YV6,Cumpata,Eusebiu Beniamin,2,B3,05-JUL-74,cumpata.eusebiu@info.ro,6.56
917,672LP1,Iordan,Valentin,2,A5,25-NOV-74,iordan.valentin@info.ro,6.63
918,573LN3,Jecu,Iosif Dimitrie,2,B1,23-JUL-74,jecu.iosif@info.ro,7.25
919,947OP7,Cosnita,Codrina,2,B1,15-JUL-74,cosnita.codrina@gmail.com,7.25
920,187AP0,Ciofu,Raluca,1,B3,14-SEP-74,ciofu.raluca@info.ro,7
921,558PX6,Eusebiu,Daniela Manuela,2,A1,01-SEP-74,eusebiu.daniela@info.ro,6.44
922,240XQ3,Ciobotaru,Paul Cristian,2,B3,23-JAN-74,ciobotaru.paul@gmail.com,5.88
923,591RV3,Minuti,Razvan,2,B1,16-SEP-74,minuti.razvan@gmail.com,7.5
924,616NK2,Voaides,Vladut Constantin,1,A5,30-DEC-74,voaides.vladut@gmail.com,6.25
925,255PJ4,Sandulache,Manuela,2,B5,05-MAY-74,sandulache.manuela@info.ro,7.13
926,936ZV4,Gitlan,Damian,2,B5,05-DEC-74,gitlan.damian@info.ro,7.06
927,710IT0,Mihai,Anca,3,A4,14-DEC-74,mihai.anca@gmail.com,6.67
928,855NM0,Leon,Sebastian,2,B5,20-MAR-74,leon.sebastian@info.ro,6.94
929,169UE1,Manolache,Manuela Ema,2,A5,12-APR-74,manolache.manuela@info.ro,6.69
930,590QD8,Ostafe,Diana Madalina,1,B6,16-APR-74,ostafe.diana@info.ro,6.88
931,296QC1,Stolniceanu,Mihaela Xena,2,A4,14-MAR-74,stolniceanu.mihaela@info.ro,7.88
932,281IP3,Milut,Madalina Elisa,3,B6,04-NOV-74,milut.madalina@gmail.com,7.08
933,227BD3,Ambroci,Iosif Vadim,2,B5,06-OCT-74,ambroci.iosif@info.ro,7.31
934,945SR6,Daneliuc,Aurelian,3,A4,21-SEP-74,daneliuc.aurelian@gmail.com,5.88
935,501QT7,Corneanu,George Teofil,2,B4,05-MAY-74,corneanu.george@gmail.com,7.31
936,848DP5,Maties,Cezar,3,B6,05-JUL-74,maties.cezar@info.ro,6.38
937,187HG3,Bilan,Ionut Petrut,2,A1,11-APR-74,bilan.ionut@info.ro,6.94
938,267AS7,Negruser,Iaroslav Costel,1,B3,04-FEB-74,negruser.iaroslav@gmail.com,5.5
939,839WG8,Hociung,Sabin,2,B1,20-MAR-74,hociung.sabin@info.ro,6.69
940,113IY7,Maties,Xena,2,A5,29-MAY-74,maties.xena@gmail.com,6.69
941,274AJ5,Andrei,Beniamin Liviu,3,A1,24-APR-74,andrei.beniamin@info.ro,6.17
942,802HH8,Bodnar,Andreas Iaroslav,1,B1,20-AUG-74,bodnar.andreas@info.ro,8
943,475VP4,Rosca,Roland Camil,2,A1,27-DEC-74,rosca.roland@gmail.com,6.88
944,466PL6,Iancu,Nicusor Giulio,1,A4,12-DEC-74,iancu.nicusor@info.ro,7.13
945,872OM8,Unghianu,Emil,1,B4,15-AUG-74,unghianu.emil@gmail.com,7.5
946,933MY0,Anita,Catalin,2,A2,29-MAR-74,anita.catalin@gmail.com,6.5
947,946XS4,Cojocariu,Gabriel,1,B4,27-JUL-74,cojocariu.gabriel@info.ro,6.25
948,137LP7,Mihaila,Costel,3,A6,17-SEP-74,mihaila.costel@gmail.com,6.92
949,721PA2,Citea,Denise Emil,2,B2,05-FEB-74,citea.denise@info.ro,5.88
950,869GD1,Cobuz,Alina,2,A5,01-MAR-74,cobuz.alina@gmail.com,7.06
951,635AI7,Palihovici,Matei,2,A6,29-JAN-74,palihovici.matei@info.ro,7.13
952,546XN8,Herdes,Maria,2,B3,30-JUL-74,herdes.maria@gmail.com,6.81
953,886XQ3,Rosca,Oana,2,B2,19-APR-74,rosca.oana@gmail.com,8.25
954,284DP4,Catonoiu,Nicu Giani,2,B2,30-MAR-74,catonoiu.nicu@info.ro,6.94
955,699JM2,Bizu,Vladimir,1,A6,24-JUL-74,bizu.vladimir@gmail.com,6.75
956,478JR3,Sleghel,Iuliana Theodora,1,A3,29-SEP-74,sleghel.iuliana@info.ro,6.75
957,287DO3,Lupascu,Marian Dimitrie,3,B4,05-FEB-74,lupascu.marian@gmail.com,5.88
958,796RD8,Unghianu,Bogdan Dragos,1,A6,31-MAY-74,unghianu.bogdan@info.ro,7.13
959,697EC0,Marton,Corneliu Sebastian,1,A2,21-APR-74,marton.corneliu@gmail.com,7.13
960,895WS8,Juravle,Loredana,1,A2,20-OCT-74,juravle.loredana@gmail.com,6.13
961,498GR6,Andronic,Mirela Alexandra,2,B1,10-JUN-74,andronic.mirela@info.ro,6.94
962,863OK4,Bejan,Cristina Ema,1,A4,28-OCT-74,bejan.cristina@gmail.com,7
963,948IC3,Pantiru,Samuel Ervin,1,B1,01-AUG-74,pantiru.samuel@gmail.com,4.63
964,728GM0,Arhire,Costel Teofil,2,B6,16-JUL-74,arhire.costel@info.ro,6.94
965,120RA5,Opariuc,Laura Codrina,2,B6,25-AUG-74,opariuc.laura@gmail.com,6.38
966,127WB5,Melniciuc-puica,Iosif,1,A2,09-APR-74,melniciuc-puica.iosif@info.ro,7
967,891CM2,Baciu,Laura,2,B4,07-JAN-74,baciu.laura@info.ro,6.5
968,712BT5,Simion,Alex Andreas,2,B4,01-FEB-74,simion.alex@info.ro,7.25
969,708VP1,Patachi,Filip,1,B5,21-SEP-74,patachi.filip@info.ro,8.13
970,114IR1,Mazur,Iolanda,1,A6,27-OCT-74,mazur.iolanda@gmail.com,8.25
971,665WJ6,Mihaela,Ionut Darius,2,B3,17-MAR-74,mihaela.ionut@info.ro,6.88
972,476PI6,Andros,Alex Radu,2,A6,12-MAY-74,andros.alex@info.ro,7.5
973,385VL6,Galatanu,Camil Eusebiu,2,B6,02-MAR-74,galatanu.camil@info.ro,7.06
974,161FV4,Tanasa,Simona Madalina,1,A4,07-OCT-74,tanasa.simona@info.ro,6.5
975,500IW3,Bilan,Giani,3,A4,07-OCT-74,bilan.giani@info.ro,6.79
976,408XJ1,Milut,Paula,1,A5,05-DEC-74,milut.paula@gmail.com,7
977,332IN0,Savescu,Dorin Dan,1,B4,12-DEC-74,savescu.dorin@info.ro,7
978,280WM1,Manolache,Dorin Daniel,1,A4,22-FEB-74,manolache.dorin@info.ro,6.38
979,339OZ1,Neghina,Daria,1,A2,29-JUN-74,neghina.daria@info.ro,6.38
980,394PN1,Andrei,Elisa Andreea,3,B4,03-JAN-74,andrei.elisa@info.ro,5.83
981,835LP2,Scortanu,Iuliana Cristina,1,A6,24-FEB-74,scortanu.iuliana@info.ro,7
982,694EH4,Boistean,Loredana Vasilica,2,B3,10-JUN-74,boistean.loredana@info.ro,7.56
983,661AX0,Sitaru,Diana Ioana,1,A4,16-JUN-74,sitaru.diana@info.ro,7.5
984,419HB2,Chelaru,Samuel,1,A2,22-FEB-74,chelaru.samuel@info.ro,6.5
985,735OJ0,Puiu,Oana,1,A1,11-MAY-74,puiu.oana@gmail.com,7.5
986,531GB4,Dodan,Iuliana Paula,1,B2,08-AUG-74,dodan.iuliana@info.ro,7
987,913IC1,Dochitei,Romanescu Petrut,2,B3,20-JUL-74,dochitei.romanescu@info.ro,6.94
988,428GC1,Romanescu,Eugen Andrei,1,B5,08-AUG-74,romanescu.eugen@gmail.com,7.13
989,470SE7,Simion,Ilona,1,A2,12-NOV-74,simion.ilona@info.ro,8
990,992ZX6,Baetu,Vladut,2,B3,08-SEP-74,baetu.vladut@info.ro,7.13
991,289YP8,Chelmus,Alexandra,2,A1,11-NOV-74,chelmus.alexandra@gmail.com,7.06
992,463PI1,Daneliuc,Stefania Sanziana,1,A4,02-OCT-74,daneliuc.stefania@info.ro,7.13
993,515OL1,Bradea,Damian Darius,2,A5,09-OCT-74,bradea.damian@gmail.com,6.88
994,365UN1,Ursache,Daria,2,A5,08-MAY-74,ursache.daria@info.ro,6.94
995,553KH6,Iordache,Madalina Maria,3,A4,25-NOV-74,iordache.madalina@gmail.com,6.33
996,347BO3,Popovici,Andreia Denisa,1,A4,23-OCT-74,popovici.andreia@gmail.com,7.38
997,585GC7,Turcu,Camil,3,A4,25-FEB-74,turcu.camil@gmail.com,6.17
998,920ND1,Mihalcea,Nicu Damian,1,B5,23-SEP-74,mihalcea.nicu@gmail.com,7.38
999,398BO7,Corneanu,Alin Sergiu,2,A5,14-MAR-74,corneanu.alin@info.ro,7.81
1000,113HJ0,Ursache,Bianca Teodora,1,A6,14-FEB-74,ursache.bianca@info.ro,5.88
1001,587NR6,Mazareanu,Bianca,1,B5,29-JAN-74,mazareanu.bianca@info.ro,6.38
1002,774YQ5,Ursache,Stefania Denisa,1,A6,04-DEC-74,ursache.stefania@info.ro,7
1003,862DK1,Onu,Bogdan,1,A5,28-AUG-74,onu.bogdan@info.ro,6.5
1004,640NB0,Chmilevski,Adina Andra,2,B3,01-JUN-74,chmilevski.adina@gmail.com,6.69
1005,363DO3,Chmilevski,Razvan Ion,1,A5,14-SEP-74,chmilevski.razvan@info.ro,7
1006,852TE2,Barzu,Richard Samuel,1,A5,30-SEP-74,barzu.richard@info.ro,7.13
1007,476WI8,Melniciuc-puica,Teofil,1,B3,28-MAY-74,melniciuc-puica.teofil@gmail.com,8
1008,543BH8,Andrian,Fabian Iulian,3,A1,20-FEB-74,andrian.fabian@gmail.com,6.67
1009,117MI5,Catonoiu,Florian,1,A5,01-MAR-74,catonoiu.florian@info.ro,7
1010,733JH2,Perju,Delia Ilona,2,B4,15-JUN-74,perju.delia@gmail.com,7.56
1011,318NI0,Giosanu,Samuel Vladimir,1,A1,14-APR-74,giosanu.samuel@info.ro,6.38
1012,469LM0,Chirila,Damian Eusebiu,1,A3,01-OCT-74,chirila.damian@gmail.com,8.63
1013,536QM7,Alexandru,Vasilica Denisa,2,B1,21-SEP-74,alexandru.vasilica@info.ro,7.06
1014,951NW0,Tuduri,Cezar,3,A5,12-FEB-74,tuduri.cezar@gmail.com,6.42
1015,495PA6,Cosnita,Sergiu Claudiu,2,B1,04-MAR-74,cosnita.sergiu@gmail.com,7.13
1016,373KC5,Ababei,Daria,1,B3,07-JAN-74,ababei.daria@gmail.com,7.75
1017,146PJ6,Lungu,Denise,1,A1,05-JUL-74,lungu.denise@gmail.com,8
1018,290RP5,Dobos,Valeriu Vladut,1,B3,21-FEB-74,dobos.valeriu@info.ro,6.5
1019,593YJ7,Andrei,Daria,3,A1,01-AUG-74,andrei.daria@info.ro,6.17
1020,238RG4,Simion,Sergiu,3,A5,12-JUN-74,simion.sergiu@gmail.com,5.96
1021,447ZJ6,Micu,Simona Andreea,1,B5,29-JUN-74,micu.simona@info.ro,7
1022,760GH0,Bulbuc-aioanei,Ovidiu,3,A5,21-MAY-74,bulbuc-aioanei.ovidiu@gmail.com,5.96
1023,394AL1,Stan,Alina Stefana,2,B4,15-FEB-74,stan.alina@gmail.com,7.13
1024,837MM0,Gherman,Ilona,1,A2,21-JUL-74,gherman.ilona@info.ro,8.25
1025,935ZS6,Ionesei,Rares,2,A5,22-JUN-74,ionesei.rares@gmail.com,6.56
